t_mono,t_wall,cpu0,cpu1,cpu2,cpu3,cpu_total,arm_freq_hz,temp_c,mem_used_mb,pmic_power_w,cpu_power_w,mem_power_w,ext5v_v,throttled,ina_bus_v,ina_current_a,ina_power_w
8393.198675769,1784214198.8911357,,,,,,2400000,60.6,1289.265625,4.26337465474245,1.94948574282,0.6216215805267,5.13488,0x0,5.0525,0.06375,0.322096875
8393.298755902,1784214198.9912155,100.0,0.0,0.0,10.0,28.571428571428573,2400000,60.05,1320.84375,4.097124322590269,1.695772017618,0.7520965231922,5.12416,0x0,5.05625,0.06375,0.3223359375
8393.39876967,1784214199.0912304,100.0,0.0,0.0,9.090909090909092,25.641025641025642,2400000,61.15,1605.65625,4.25465882752783,1.904839800612,0.8578819347659,5.11746,0x0,5.055,0.06375,0.32225624999999997
8393.498783216,1784214199.1912434,100.0,0.0,0.0,0.0,26.829268292682926,2400000,59.5,1605.65625,4.152995476804721,1.9149528666579998,0.7017354324610401,5.11478,0x0,5.055,0.06375,0.32225624999999997
8393.598769189,1784214199.2912304,100.0,0.0,0.0,10.0,25.641025641025642,2400000,60.05,1605.65625,4.37560920932871,1.8500637771359998,0.8241730796485001,5.13488,0x0,5.05625,0.0625,0.316015625
8393.698766587,1784214199.3912272,100.0,0.0,0.0,0.0,25.0,2400000,60.6,1605.65625,4.31211587727439,1.9191365984480002,0.8403967257355001,5.11344,0x0,5.055,0.0625,0.3159375
8393.798733967,1784214199.4911935,100.0,0.0,0.0,9.090909090909092,27.5,2400000,58.95,1605.65625,3.476761105369461,1.7721059719540002,0.45536389076795003,5.12416,0x0,5.05625,0.06375,0.3223359375
8393.898746124,1784214199.5912056,100.0,0.0,0.0,0.0,26.829268292682926,2400000,58.95,1590.453125,4.1426341100200545,1.845177256132,0.79430641600046,5.12148,0x0,5.0525,0.06375,0.322096875
8393.9987563,1784214199.6912158,100.0,0.0,0.0,9.090909090909092,25.0,2400000,60.6,1779.84375,4.26480160973979,1.9143604129519998,0.84259548139502,5.11746,0x0,5.055,0.06375,0.32225624999999997
8394.09874018,1784214199.7911997,100.0,0.0,0.0,9.090909090909092,26.829268292682926,2400000,60.6,2125.203125,4.1288883749335,1.84061032554,0.7756440672772,5.1188,0x0,5.055,0.06375,0.32225624999999997
8394.198758189,1784214199.891218,100.0,0.0,0.0,0.0,27.5,2400000,60.6,2485.09375,4.20964392401832,1.8875973065400002,0.8341252548432,5.12416,0x0,5.055,0.06375,0.32225624999999997
8394.298738495,1784214199.991198,100.0,0.0,0.0,0.0,25.0,2400000,60.6,2733.328125,3.51042943901456,1.7649143982719997,0.45987371124608,5.1121,0x0,5.05875,0.06375,0.3224953125
8394.398743953,1784214200.0912032,90.0,10.0,10.0,0.0,30.0,2400000,60.6,2743.109375,3.5415720825393646,1.710728429904,0.45708427972719,5.12416,0x0,5.0575,0.06375,0.32241562500000004
8394.498758059,1784214200.1912196,100.0,0.0,0.0,0.0,25.0,2400000,60.6,2743.109375,3.2258333243404205,1.19946037403,0.6141574017939,5.12416,0x0,5.0575,0.06375,0.32241562500000004
8394.598744518,1784214200.2912042,100.0,0.0,0.0,0.0,25.0,2400000,61.15,2743.109375,3.5130216100957,1.462114307115,0.62281080345682,5.12684,0x0,5.05625,0.06375,0.3223359375
8394.698737773,1784214200.3911974,100.0,0.0,0.0,0.0,25.641025641025642,2400000,61.15,2743.109375,3.1941599467330004,1.2071988280560002,0.5806621681413999,5.12416,0x0,5.0575,0.06375,0.32241562500000004
8394.798733861,1784214200.4911933,100.0,0.0,0.0,0.0,25.0,2400000,60.05,2743.09375,3.6593972991540302,1.77100741407,0.48003991615664005,5.12416,0x0,5.0525,0.0625,0.31578125
8394.898741005,1784214200.5912008,100.0,0.0,0.0,0.0,23.076923076923077,2400000,59.5,2755.4375,3.7135126979962503,1.796434283504,0.5362206947646,5.1255,0x0,5.0525,0.06375,0.322096875
8394.99873513,1784214200.6911948,100.0,9.090909090909092,0.0,10.0,27.5,2400000,61.15,2762.703125,3.8411324385961203,1.66376761559,0.66866992299932,5.1255,0x0,5.05375,0.06375,0.3221765625
8395.098732292,1784214200.7911918,20.0,88.88888888888889,0.0,0.0,25.0,2400000,60.6,2763.953125,3.46770156045308,1.678723834095,0.43613124036664996,5.12416,0x0,5.0575,0.06375,0.32241562500000004
8395.198731584,1784214200.891191,0.0,100.0,0.0,0.0,25.0,2400000,60.05,2764.4375,3.4890954637676104,1.679244523642,0.44894192642176,5.12014,0x0,5.05625,0.06375,0.3223359375
8395.298730079,1784214200.9911895,0.0,100.0,0.0,0.0,25.641025641025642,2400000,60.6,2765.890625,3.453111391823195,1.671506069616,0.43878463485967,5.12416,0x0,5.05625,0.06375,0.3223359375
8395.398732449,1784214201.0911918,0.0,100.0,0.0,0.0,25.0,2400000,61.15,2770.25,3.4386419285963203,1.647779615955,0.44152681860320003,5.12416,0x0,5.05625,0.06375,0.3223359375
8395.498732616,1784214201.1911922,0.0,100.0,0.0,0.0,25.0,2400000,60.6,2772.1875,3.6664663959332504,1.678723834095,0.44017314903745997,5.12148,0x0,5.05375,0.06375,0.3221765625
8395.598730635,1784214201.29119,0.0,100.0,0.0,0.0,25.0,2400000,60.6,2773.125,3.51414278961054,1.671506069616,0.44185227365699997,5.12416,0x0,5.055,0.06375,0.32225624999999997
8395.698731283,1784214201.3911908,0.0,100.0,0.0,0.0,25.0,2400000,61.15,2775.0625,3.4776822928817204,1.679765019408,0.43895937126423995,5.12416,0x0,5.05625,0.06375,0.3223359375
8395.798729876,1784214201.4911892,0.0,100.0,0.0,0.0,25.0,2400000,60.6,2775.0625,3.4677872450601908,1.6802855151740002,0.44241957795319997,5.12148,0x0,5.05625,0.06375,0.3223359375
8395.898729506,1784214201.591189,0.0,100.0,0.0,0.0,25.0,2400000,59.5,2778.453125,3.4598922679743302,1.688028766396,0.43595909167535996,5.11478,0x0,5.05625,0.06375,0.3223359375
8395.998746469,1784214201.691206,0.0,100.0,0.0,0.0,25.641025641025642,2400000,60.05,2778.453125,3.57829879385416,1.7427712095,0.4810745031733,5.12148,0x0,5.05875,0.06375,0.3224953125
8396.098732229,1784214201.7911918,0.0,100.0,0.0,0.0,25.0,2400000,60.6,2836.578125,3.48266089990899,1.70245988572,0.44248744205329993,5.12148,0x0,5.05625,0.06375,0.3223359375
8396.198730525,1784214201.89119,0.0,100.0,0.0,0.0,25.0,2400000,61.15,2836.578125,3.49418390029567,1.6869829776679999,0.4370151951358,5.12148,0x0,5.055,0.06375,0.32225624999999997
8396.298732803,1784214201.9911923,0.0,100.0,0.0,0.0,25.641025641025642,2400000,60.6,2836.578125,3.640263202950745,1.672542263952,0.43989463324342004,5.12148,0x0,5.05625,0.06375,0.3223359375
8396.398730622,1784214202.09119,0.0,100.0,0.0,0.0,25.0,2400000,59.5,2836.578125,3.5381533047276896,1.694721431694,0.43308178105335,5.12148,0x0,5.0575,0.06375,0.32241562500000004
8396.498729664,1784214202.1911893,0.0,100.0,0.0,0.0,25.0,2400000,60.6,2836.578125,3.4763580710265702,1.6802855151740002,0.45057116295148,5.12282,0x0,5.055,0.06375,0.32225624999999997
8396.598729391,1784214202.2911887,0.0,100.0,0.0,0.0,25.0,2400000,60.6,2836.578125,3.4861169073660796,1.6875058720319998,0.43626106140047993,5.12148,0x0,5.055,0.06375,0.32225624999999997
8396.698731915,1784214202.3911912,0.0,100.0,0.0,0.0,25.0,2400000,61.15,2836.578125,3.4540783360465297,1.679765019408,0.43821658889845994,5.12148,0x0,5.055,0.06375,0.32225624999999997
8396.798729605,1784214202.491189,0.0,100.0,0.0,0.0,25.0,2400000,61.15,2836.578125,3.4910110644378802,1.694195943165,0.43543690217700004,5.1188,0x0,5.055,0.06375,0.32225624999999997
8396.898728943,1784214202.5911884,0.0,100.0,0.0,0.0,25.641025641025642,2400000,59.5,2836.578125,3.48803209340978,1.695772017618,0.44085094546007003,5.1188,0x0,5.055,0.06375,0.32225624999999997
8396.998732504,1784214202.6911922,0.0,100.0,0.0,0.0,25.0,2400000,60.05,2836.578125,3.4823369031026497,1.694721431694,0.43685757032050004,5.12416,0x0,5.055,0.06375,0.32225624999999997
8397.098737157,1784214202.7911966,0.0,100.0,0.0,0.0,25.0,2400000,60.6,2836.578125,3.5864626279385003,1.7732045298380001,0.6721326579584,5.1255,0x0,5.05375,0.06375,0.3221765625
8397.198735069,1784214202.8911946,0.0,100.0,9.090909090909092,0.0,26.829268292682926,2400000,60.05,2863.703125,3.270537993305345,1.7406122703750002,0.47702547891478003,5.12416,0x0,5.05625,0.06375,0.3223359375
8397.298733611,1784214202.991193,0.0,100.0,0.0,0.0,25.641025641025642,2400000,60.05,2945.5625,3.1640323230251006,1.70245988572,0.4392489590171,5.12148,0x0,5.05875,0.06375,0.3224953125
8397.398729749,1784214203.0911891,0.0,100.0,0.0,0.0,25.0,2400000,60.05,2945.5625,3.17228767317643,1.694195943165,0.45272052488399994,5.12282,0x0,5.0575,0.06375,0.32241562500000004
8397.498730389,1784214203.1911898,0.0,100.0,0.0,0.0,25.0,2400000,60.6,2945.5625,3.1606224629195703,1.694195943165,0.43763031559090004,5.12148,0x0,5.05625,0.06375,0.3223359375
8397.598729195,1784214203.2911887,0.0,100.0,0.0,0.0,25.0,2400000,61.15,2952.828125,3.13963847409429,1.68645988863,0.43768249073341,5.12148,0x0,5.055,0.06375,0.32225624999999997
8397.698730611,1784214203.39119,0.0,100.0,0.0,0.0,25.0,2400000,60.05,2952.828125,3.17952059728425,1.694195943165,0.4377939038708199,5.12416,0x0,5.05625,0.06375,0.3223359375
8397.798729566,1784214203.491189,0.0,100.0,0.0,0.0,25.641025641025642,2400000,60.6,2952.828125,3.13609145039254,1.678723834095,0.44617206578148,5.12416,0x0,5.05625,0.06375,0.3223359375
8397.898729445,1784214203.5911887,0.0,100.0,0.0,0.0,25.0,2400000,61.15,2954.703125,3.1425700318753496,1.695772017618,0.43677365298579995,5.12014,0x0,5.05625,0.0625,0.316015625
8397.998731362,1784214203.6911907,0.0,100.0,0.0,0.0,25.0,2400000,62.25,2954.703125,3.156890114723,1.70351526884,0.43577900412340004,5.12684,0x0,5.05625,0.0625,0.316015625
8398.098730298,1784214203.7911897,0.0,100.0,0.0,0.0,25.0,2400000,61.15,2954.703125,3.173196235337175,1.68645988863,0.44136390264079994,5.12416,0x0,5.05625,0.06375,0.3223359375
8398.198731252,1784214203.8911908,0.0,100.0,0.0,0.0,25.0,2400000,61.15,2954.703125,3.1360292187304,1.68645988863,0.43388558038703,5.12014,0x0,5.05625,0.06375,0.3223359375
8398.298739873,1784214203.9911995,0.0,100.0,0.0,0.0,25.641025641025642,2400000,61.15,2954.703125,3.85338041044431,1.9751407040999998,0.81824956290768,5.12818,0x0,5.05,0.06375,0.3219375
8398.398735831,1784214204.0911953,0.0,100.0,0.0,0.0,25.0,2400000,61.15,2955.640625,3.2551257375829,1.7422315249500002,0.46668717609956,5.1255,0x0,5.05625,0.06375,0.3223359375
8398.498732771,1784214204.1911924,0.0,100.0,0.0,0.0,25.0,2400000,60.6,2971.140625,3.1324107543102,1.68645988863,0.44445722267375,5.12416,0x0,5.05625,0.06375,0.3223359375
8398.598740674,1784214204.2912,0.0,100.0,0.0,0.0,25.641025641025642,2400000,61.7,2980.828125,3.17979121004554,1.7019319976999998,0.45858225627485,5.1322,0x0,5.055,0.06375,0.32225624999999997
8398.698741225,1784214204.3912008,0.0,100.0,0.0,0.0,26.829268292682926,2400000,61.15,3192.015625,4.01434989743204,1.981044230656,0.83542906030472,5.1121,0x0,5.05875,0.0625,0.316171875
8398.798757258,1784214204.4912183,0.0,100.0,0.0,0.0,25.0,2400000,61.15,3432.265625,3.4144088035197804,1.8578046297600002,0.47724420715495997,5.11344,0x0,5.055,0.06375,0.32225624999999997
8398.900033257,1784214204.5924928,20.0,100.0,10.0,20.0,36.58536585365854,2400000,61.7,3610.015625,5.118921396281,3.314111523016,0.759332939315,5.1188,0x0,5.04375,0.06375,0.32153906250000003
8398.998739101,1784214204.6911983,63.63636363636363,90.9090909090909,80.0,70.0,76.92307692307692,2400000,62.25,3610.015625,3.3789167029855203,1.8661235445020001,0.44667393395284,5.13488,0x0,5.0525,0.06375,0.322096875
8399.098923669,1784214204.791385,60.0,100.0,63.63636363636363,63.63636363636363,71.42857142857143,2400000,62.8,3610.015625,5.6359511106902005,3.36831428157,0.5834664661867,5.12684,0x0,5.055,0.06375,0.32225624999999997
8399.200043985,1784214204.8925035,90.0,100.0,88.88888888888889,81.81818181818181,87.8048780487805,2400000,62.8,3444.578125,5.518134340863139,3.51652501828,0.61654333413544,5.08664,0x0,5.03875,0.06375,0.32122031250000005
8399.300063128,1784214204.992523,100.0,100.0,90.9090909090909,100.0,97.5,2400000,64.45,3448.65625,5.34914503804335,2.914168078016,0.8990951575033601,5.1456,0x0,5.055,0.06375,0.32225624999999997
8399.400047406,1784214205.0925071,90.9090909090909,100.0,100.0,100.0,100.0,2400000,65.0,3453.5,5.52955180494223,3.32856662832,0.755768666179,5.0585,0x0,5.055,0.06375,0.32225624999999997
8399.498756236,1784214205.1912165,100.0,100.0,100.0,90.0,94.87179487179488,2400000,65.55,3457.703125,4.235920033988511,1.711258520062,0.92736337945014,5.14426,0x0,5.0600000000000005,0.0625,0.31625000000000003
8399.600094888,1784214205.2925553,88.88888888888889,90.9090909090909,90.9090909090909,90.0,92.5,2400000,65.55,3460.125,5.1692017405092185,2.818543444808,0.87037534118838,5.13354,0x0,5.05375,0.06375,0.3221765625
8399.698804718,1784214205.3912644,100.0,100.0,100.0,100.0,97.43589743589743,2400000,65.55,3493.0625,5.95736699597488,3.5530513544159996,0.92176204429424,5.1322,0x0,5.0575,0.06375,0.32241562500000004
8399.800109018,1784214205.4925718,90.0,100.0,90.9090909090909,90.0,95.23809523809524,2400000,63.9,3511.34375,5.670150681922019,3.298625020572,0.8607625463183399,5.12014,0x0,5.05375,0.06375,0.3221765625
8399.900075759,1784214205.5925372,90.0,100.0,100.0,100.0,97.5,2400000,65.0,3446.46875,8.56577142170989,6.154079976081699,0.83734092493368,5.12148,0x0,5.05,0.06375,0.3219375
8400.000080982,1784214205.692541,90.0,100.0,90.0,88.88888888888889,92.10526315789474,2400000,65.55,3454.921875,6.273235971043695,3.9890096573,0.84201887419906,5.1121,0x0,5.0575,0.06375,0.32241562500000004
8400.099586321,1784214205.7920463,100.0,100.0,100.0,100.0,100.0,2400000,65.0,3419.078125,5.52117334328985,3.4172157438379998,0.72333509222128,5.13488,0x0,5.05,0.06375,0.3219375
8400.198753572,1784214205.8912134,77.77777777777777,100.0,80.0,80.0,82.5,2400000,64.45,3438.296875,4.53485423153618,2.101021161394,0.82729916401576,5.12416,0x0,5.05875,0.0625,0.316171875
8400.298742369,1784214205.991202,16.666666666666668,54.54545454545455,18.181818181818183,0.0,23.80952380952381,2400000,65.0,3436.328125,3.6631237353596147,0.828014580782,0.4377466339188,5.1255,0x0,5.0625,0.06375,0.322734375
8400.398731244,1784214206.0911908,10.0,0.0,0.0,0.0,0.0,2400000,63.9,3437.828125,2.5954854541852255,0.8043002237169,0.43561064215188006,5.12416,0x0,5.0575,0.06375,0.32241562500000004
8400.498729675,1784214206.1911893,0.0,0.0,0.0,0.0,0.0,2400000,63.9,3437.828125,2.5853869549164603,0.80479913204718,0.43577534205421,5.12282,0x0,5.05625,0.06375,0.3223359375
8400.598729106,1784214206.2911885,0.0,0.0,0.0,0.0,0.0,2400000,63.35,3437.828125,2.59989939350792,0.82002169408005,0.44043822670648,5.12014,0x0,5.05625,0.06375,0.3223359375
8400.698729055,1784214206.3911884,0.0,0.0,0.0,0.0,0.0,2400000,62.8,3437.828125,2.77426055432377,0.78907747594005,0.44285876772284,5.12282,0x0,5.05625,0.06375,0.3223359375
8400.798728449,1784214206.491188,0.0,0.0,0.0,0.0,0.0,2400000,61.7,3437.8125,2.5976035214446402,0.80454958501005,0.43261054248829994,5.1188,0x0,5.0575,0.06375,0.32241562500000004
8400.898730121,1784214206.5911896,0.0,0.0,0.0,0.0,0.0,2400000,63.35,3437.8125,2.5705335542968597,0.7898115379334599,0.44116182993173,5.12416,0x0,5.05625,0.06375,0.3223359375
8400.998729089,1784214206.6911886,0.0,0.0,0.0,0.0,0.0,2400000,63.35,3437.8125,2.5868273550617498,0.79656665349,0.43402144518582003,5.12282,0x0,5.055,0.06375,0.32225624999999997
8401.098728927,1784214206.7911885,0.0,0.0,0.0,0.0,0.0,2400000,61.7,3437.8125,2.58005264797234,0.79656665349,0.43226240550954,5.12282,0x0,5.055,0.06375,0.32225624999999997
8401.198729544,1784214206.891189,0.0,0.0,0.0,0.0,0.0,2400000,62.25,3437.8125,2.6259514380484803,0.80479913204718,0.4651841458768,5.12014,0x0,5.05625,0.06375,0.3223359375
8401.298728808,1784214206.9911883,0.0,0.0,0.0,0.0,0.0,2400000,61.15,3437.8125,2.6154879562995705,0.796813617105,0.44138819158663994,5.12416,0x0,5.05625,0.0625,0.316015625
8401.398728946,1784214207.0911882,0.0,0.0,0.0,0.0,0.0,2400000,61.15,3393.359375,2.5670489366296905,0.7893222239951799,0.43963994966363995,5.12416,0x0,5.0575,0.06375,0.32241562500000004
8401.498729197,1784214207.1911886,0.0,0.0,0.0,0.0,0.0,2400000,62.25,3393.359375,2.5732359346597597,0.78907747594005,0.43484198990260997,5.12148,0x0,5.05625,0.06375,0.3223359375
8401.598728725,1784214207.2911882,0.0,0.0,0.0,0.0,0.0,2400000,62.25,3393.359375,2.61197095437313,0.7893222239951799,0.43354447344631,5.12416,0x0,5.05625,0.06375,0.3223359375
8401.698728679,1784214207.391188,0.0,0.0,0.0,0.0,0.0,2400000,61.7,3393.359375,2.5755689706989697,0.7893222239951799,0.4483320311751,5.12416,0x0,5.05625,0.0625,0.316015625
8401.798728818,1784214207.491188,0.0,0.0,0.0,0.0,0.0,2400000,62.25,3393.359375,2.56200766161888,0.7888329100568999,0.43887850758003993,5.1255,0x0,5.05625,0.06375,0.3223359375
8401.898728921,1784214207.5911882,0.0,0.0,0.0,0.0,0.0,2400000,62.25,3393.359375,2.7497394976019005,0.78109933983,0.43852315782599993,5.12818,0x0,5.05625,0.06375,0.3223359375
8401.998729338,1784214207.6911888,0.0,0.0,0.0,0.0,0.0,2400000,61.7,3393.359375,2.6283578880175704,0.77360536687005,0.5239919351864,5.11344,0x0,5.05625,0.0625,0.316015625
8402.098728903,1784214207.7911882,0.0,0.0,0.0,0.0,0.0,2400000,62.25,3393.359375,2.57810857374031,0.78907747594005,0.43396281255944,5.12148,0x0,5.0575,0.06375,0.32241562500000004
8402.198728746,1784214207.8911881,0.0,0.0,0.0,0.0,0.0,2400000,61.7,3393.359375,2.57079520707544,0.781341508035,0.43999139865843995,5.12148,0x0,5.05625,0.06375,0.3223359375
8402.298745015,1784214207.9912045,40.0,44.44444444444444,40.0,45.45454545454545,42.5,2400000,62.25,3392.859375,5.3251401388099,3.015856943846,0.83956677573564,5.11746,0x0,5.0475,0.06375,0.321778125
8402.398904638,1784214208.0913672,100.0,90.9090909090909,90.9090909090909,100.0,95.0,2400000,62.8,3394.796875,5.77680569928149,3.690098013195,0.70640930737056,5.13488,0x0,5.0512500000000005,0.06375,0.3220171875
8402.499579588,1784214208.1920393,100.0,100.0,100.0,90.0,95.1219512195122,2400000,64.45,3396.90625,5.656230204196005,3.3626530134120003,0.6574152980356001,5.11746,0x0,5.055,0.065,0.328575
8402.598779482,1784214208.2912397,100.0,90.9090909090909,90.9090909090909,92.3076923076923,92.85714285714286,2400000,62.8,3401.75,5.969031343213761,3.644811846246,0.83119612764548,5.10272,0x0,5.0600000000000005,0.0625,0.31625000000000003
8402.698745905,1784214208.3912055,100.0,70.0,77.77777777777777,75.0,81.08108108108108,2400000,65.0,3411.3125,4.188479422844115,1.95190375464,0.6111176345388001,5.12952,0x0,5.0675,0.06375,0.323053125
8402.798740993,1784214208.4912007,22.22222222222222,0.0,0.0,10.0,12.5,2400000,64.45,3413.125,2.75116369643687,0.80454958501005,0.43065965123046,5.0987,0x0,5.05875,0.0625,0.316171875
8402.898730248,1784214208.5911896,0.0,0.0,0.0,0.0,0.0,2400000,63.35,3371.28125,2.5999842500298747,0.7888329100568999,0.43207581062133,5.1255,0x0,5.0575,0.06375,0.32241562500000004
8402.998730355,1784214208.6911898,0.0,0.0,0.0,0.0,0.0,2400000,62.8,3371.28125,2.58014807578205,0.796813617105,0.43960919224859996,5.12148,0x0,5.05625,0.06375,0.3223359375
8403.098730091,1784214208.7911894,0.0,0.0,0.0,0.0,0.0,2400000,62.8,3371.28125,2.5832332087461003,0.797060764678,0.43794018643279997,5.12282,0x0,5.05625,0.06375,0.3223359375
8403.198728976,1784214208.8911881,0.0,0.0,0.0,0.0,0.0,2400000,61.7,3371.28125,2.580486759769305,0.797060764678,0.43857680763104995,5.12416,0x0,5.05625,0.06375,0.3223359375
8403.298729657,1784214208.991189,0.0,0.0,0.0,0.0,0.0,2400000,63.35,3371.28125,2.5731146915117695,0.796813617105,0.43693941859269997,5.12282,0x0,5.05625,0.06375,0.3223359375
8403.398728749,1784214209.091188,0.0,0.0,0.0,0.0,0.0,2400000,61.7,3371.28125,2.5999513621802004,0.7893222239951799,0.43925548303439,5.12282,0x0,5.05625,0.06375,0.3223359375
8403.498729916,1784214209.1911893,0.0,0.0,0.0,0.0,0.0,2400000,60.6,3371.28125,2.581469235283985,0.7893222239951799,0.43583488097719997,5.12684,0x0,5.05625,0.06375,0.3223359375
8403.598729324,1784214209.2911887,0.0,0.0,0.0,0.0,0.0,1900000,62.25,3371.28125,2.3475626990040004,0.575324964054,0.43579407012160004,5.1188,0x0,5.0575,0.06375,0.32241562500000004
8403.698731621,1784214209.391191,0.0,0.0,0.0,0.0,0.0,1500000,60.05,3371.28125,2.27826571323212,0.466091876163,0.43268995202065996,5.12148,0x0,5.0575,0.06375,0.32241562500000004
8403.798731455,1784214209.4911907,0.0,0.0,0.0,0.0,0.0,1500000,62.25,3371.28125,2.2614959836199002,0.47217516094,0.45176594954636007,5.12416,0x0,5.0575,0.06375,0.32241562500000004
8403.898731029,1784214209.5911906,0.0,0.0,0.0,0.0,0.0,1500000,61.15,3371.28125,2.21741851165428,0.465098794974,0.43301261105630995,5.12416,0x0,5.0575,0.06375,0.32241562500000004
8403.998731233,1784214209.6911905,0.0,0.0,0.0,0.0,0.0,1500000,60.05,3328.625,2.23205637587917,0.466091876163,0.43259489454692,5.12282,0x0,5.0575,0.06375,0.32241562500000004
8404.098731678,1784214209.7911913,0.0,0.0,0.0,0.0,0.0,1500000,60.6,3328.625,2.2900138673011448,0.47217516094,0.4394401767948,5.12282,0x0,5.0575,0.06375,0.32241562500000004
8404.198731438,1784214209.891191,0.0,0.0,0.0,0.0,0.0,1500000,60.6,3328.625,2.25979105021892,0.464602223571,0.43046064872455997,5.12416,0x0,5.0575,0.06375,0.32241562500000004
8404.298731623,1784214209.9911914,0.0,0.0,0.0,0.0,0.0,1500000,60.05,3328.625,2.2170278031817707,0.465098794974,0.43674651436248996,5.12148,0x0,5.0575,0.06375,0.32241562500000004
8404.398731054,1784214210.0911906,0.0,0.0,0.0,0.0,0.0,1500000,61.15,3328.625,2.2366759999929,0.457705753348,0.45175451945420003,5.12416,0x0,5.05625,0.06375,0.3223359375
8404.498732281,1784214210.191192,0.0,0.0,0.0,0.0,0.0,1500000,60.6,3328.625,2.22765780725423,0.464602223571,0.43604657437859,5.12416,0x0,5.05625,0.06375,0.3223359375
8404.598731545,1784214210.291191,0.0,0.0,0.0,0.0,0.0,1500000,60.6,3328.625,2.4113664950266096,0.457868858012,0.43777113445530996,5.11746,0x0,5.055,0.0625,0.3159375
8404.698731809,1784214210.3911912,0.0,0.0,0.0,0.0,0.0,1500000,60.6,3328.625,2.24413608288064,0.466091876163,0.45282187418793995,5.12416,0x0,5.05625,0.06375,0.3223359375
8404.798746592,1784214210.4912064,72.72727272727273,63.63636363636363,72.72727272727273,72.72727272727273,69.04761904761905,1500000,60.6,3328.625,3.1359569761527455,1.2516863985000002,0.49823764683328003,5.12014,0x0,5.05375,0.06375,0.3221765625
8404.898764708,1784214210.591225,100.0,100.0,90.9090909090909,100.0,97.5,2400000,62.8,3260.734375,5.39323149693501,3.0276112278019998,0.87100552230862,5.14426,0x0,5.0425,0.06375,0.32145937500000005
8404.998760009,1784214210.6912198,100.0,100.0,100.0,100.0,97.5,2400000,62.8,3258.640625,5.247051359639049,3.1388904796339996,0.6145132340702399,5.16302,0x0,5.05625,0.06375,0.3223359375
8405.098798847,1784214210.791259,100.0,90.9090909090909,100.0,90.0,95.23809523809524,2400000,63.9,3260.578125,10.05565401046504,7.28316551292,0.46700669433628,5.14426,0x0,5.0525,0.06375,0.322096875
8405.198775649,1784214210.8912358,100.0,90.9090909090909,90.0,100.0,94.87179487179488,2400000,64.45,3278.75,8.737608702166,6.49085454916,0.7567440693928,5.17776,0x0,5.05,0.06375,0.3219375
8405.300096472,1784214210.9925585,90.9090909090909,100.0,90.9090909090909,90.9090909090909,95.34883720930233,2400000,65.0,3301.03125,5.970934707683139,3.5895293042399996,0.88511931745,5.09602,0x0,5.0512500000000005,0.06375,0.3220171875
8405.404069916,1784214211.0965295,100.0,90.9090909090909,100.0,100.0,95.1219512195122,2400000,65.55,3310.15625,6.05163955524656,3.724503837782,0.79650529406628,5.1188,0x0,5.0475,0.06375,0.321778125
8405.500106509,1784214211.1925678,100.0,100.0,90.9090909090909,90.0,97.43589743589743,2400000,65.55,3316.453125,7.394343915876569,5.200241105472,0.6857691706954999,5.13488,0x0,5.0512500000000005,0.06375,0.3220171875
8405.598742793,1784214211.2912023,70.0,11.11111111111111,20.0,11.11111111111111,30.76923076923077,2400000,64.45,3322.671875,2.790295460704695,0.81253767273,0.43882938063575005,5.12818,0x0,5.0625,0.0625,0.31640625
8405.698737507,1784214211.3911972,0.0,9.090909090909092,0.0,0.0,0.0,2400000,62.25,3322.96875,2.61012011508746,0.80479913204718,0.44167969210369995,5.12416,0x0,5.0575,0.06375,0.32241562500000004
8405.798729942,1784214211.4911895,0.0,0.0,0.0,0.0,0.0,2400000,62.8,3322.96875,2.5589534642194707,0.80479913204718,0.43008525727204,5.12416,0x0,5.055,0.06375,0.32225624999999997
8405.8987291,1784214211.5911884,0.0,0.0,0.0,0.0,0.0,2400000,62.8,3322.96875,2.5569174625217297,0.7895668809643199,0.4382393885678,5.12282,0x0,5.05625,0.06375,0.3223359375
8405.998729147,1784214211.6911886,0.0,0.0,0.0,0.0,0.0,2400000,62.8,3322.96875,2.69185979160852,0.797554875866,0.5583388910852001,5.12148,0x0,5.05625,0.0625,0.316015625
8406.098729619,1784214211.7911887,0.0,0.0,0.0,0.0,0.0,2400000,62.8,3322.96875,2.56953417261089,0.797060764678,0.43730198250338,5.12416,0x0,5.05625,0.06375,0.3223359375
8406.198728814,1784214211.891188,0.0,0.0,0.0,0.0,0.0,2400000,62.8,3322.96875,2.57096343187359,0.797554875866,0.43375631364631995,5.12282,0x0,5.0575,0.06375,0.32241562500000004
8406.298729101,1784214211.9911885,0.0,0.0,0.0,0.0,0.0,2400000,62.25,3322.96875,2.5965615809218203,0.7895668809643199,0.43922008898108,5.12014,0x0,5.05625,0.06375,0.3223359375
8406.398728744,1784214212.091188,0.0,0.0,0.0,0.0,0.0,2400000,61.7,3322.96875,2.61804973235778,0.8052980403774601,0.45601167894655,5.12282,0x0,5.05625,0.06375,0.3223359375
8406.498729055,1784214212.1911883,0.0,0.0,0.0,0.0,0.0,2400000,62.8,3322.96875,2.5962212114379497,0.797060764678,0.44745540010441004,5.12148,0x0,5.05625,0.06375,0.3223359375
8406.598729606,1784214212.2911887,0.0,0.0,0.0,0.0,0.0,2400000,62.8,3322.96875,2.58599089542173,0.796813617105,0.4387175806737,5.1188,0x0,5.05625,0.06375,0.3223359375
8406.698728935,1784214212.3911881,0.0,0.0,0.0,0.0,0.0,2400000,62.25,3322.9375,2.61219470037844,0.797307820272,0.4391646952544,5.12148,0x0,5.05625,0.06375,0.3223359375
8406.798729412,1784214212.4911888,0.0,0.0,0.0,0.0,0.0,2400000,62.25,3322.9375,2.5929238384456603,0.78907747594005,0.44038785064223,5.11746,0x0,5.0575,0.06375,0.32241562500000004
8406.898729112,1784214212.5911882,0.0,0.0,0.0,0.0,0.0,2400000,60.6,3322.9375,2.56762856782931,0.781341508035,0.43909033225606997,5.12818,0x0,5.0575,0.06375,0.32241562500000004
8406.9987292,1784214212.6911888,0.0,0.0,0.0,0.0,0.0,2400000,62.25,3322.9375,2.5792012214099698,0.781826115024,0.44251247953745,5.12148,0x0,5.0575,0.06375,0.32241562500000004
8407.098729862,1784214212.7911892,0.0,0.0,0.0,0.0,0.0,2400000,62.25,3321.703125,2.5733934674128602,0.8052980403774601,0.43783411029658,5.12148,0x0,5.0575,0.06375,0.32241562500000004
8407.198728265,1784214212.8911874,0.0,0.0,0.0,0.0,0.0,2400000,61.15,3321.703125,2.5750021239604495,0.797554875866,0.43414399791677993,5.12148,0x0,5.05625,0.06375,0.3223359375
8407.298728872,1784214212.9911885,0.0,0.0,0.0,0.0,0.0,2400000,61.7,3321.703125,2.6000977525706905,0.78907747594005,0.45234597258542003,5.11746,0x0,5.05625,0.06375,0.3223359375
8407.398729205,1784214213.0911887,0.0,0.0,0.0,0.0,0.0,2400000,61.15,3321.703125,2.7444378085209804,0.781583856626,0.43872205820092,5.1188,0x0,5.05625,0.06375,0.3223359375
8407.498729039,1784214213.1911886,0.0,0.0,0.0,0.0,0.0,2400000,62.25,3321.703125,2.59397114780373,0.797307820272,0.44856243102670995,5.12684,0x0,5.0575,0.0625,0.31609375
8407.600081931,1784214213.292542,22.22222222222222,20.0,20.0,20.0,25.0,2400000,60.05,3277.625,5.83150557165067,3.51216875889,0.6927397483182001,5.10272,0x0,5.0287500000000005,0.06375,0.32058281250000004
8407.700091135,1784214213.392551,100.0,90.0,90.0,90.9090909090909,90.47619047619048,2400000,62.25,3279.453125,5.497748572396859,3.123430147448,0.8041334635455001,5.19786,0x0,5.04,0.06375,0.32130000000000003
8407.798792872,1784214213.4912524,90.9090909090909,100.0,100.0,100.0,100.0,2400000,65.0,3285.265625,5.94813011555652,3.5585561368259997,0.8406628951726001,5.18312,0x0,5.055,0.06375,0.32225624999999997
8407.900073691,1784214213.5925333,100.0,100.0,91.66666666666667,100.0,97.67441860465117,2400000,65.55,3259.984375,8.766991153099891,6.837290829026,0.5353414115444999,5.06252,0x0,5.0525,0.0625,0.31578125
8408.000048173,1784214213.6925077,100.0,100.0,100.0,100.0,97.5,2400000,65.55,3258.046875,9.38651525275508,7.485404487408,0.5233663514767201,5.18178,0x0,5.04625,0.06375,0.3216984375
8408.098745244,1784214213.791205,100.0,90.9090909090909,100.0,90.9090909090909,95.0,2400000,66.65,3250.296875,5.686284245434859,3.4123078461999996,0.5556097542921,5.14828,0x0,5.0525,0.06375,0.322096875
8408.198828206,1784214213.8912904,100.0,90.0,90.0,100.0,94.73684210526316,2400000,67.2,3266.40625,5.10759717413437,2.7858434493599997,0.8176712423300201,5.14292,0x0,5.0525,0.06375,0.322096875
8408.304051831,1784214213.9965115,100.0,100.0,100.0,91.66666666666667,97.77777777777777,2400000,66.1,3272.703125,5.34953358882885,3.5375696491679998,0.39708171015008,5.1322,0x0,5.045,0.06375,0.32161875
8408.398777637,1784214214.0912383,100.0,100.0,90.0,100.0,97.36842105263158,2400000,67.2,3277.0625,4.14398193043217,1.8489170338649998,0.8177994820448999,5.06788,0x0,5.06125,0.06375,0.32265468750000004
8408.498887826,1784214214.1913497,100.0,90.0,100.0,100.0,95.0,2400000,66.65,3281.453125,5.642058421874099,3.6348187101,0.51705314138132,5.092,0x0,5.04625,0.06375,0.3216984375
8408.600043891,1784214214.2925038,90.0,100.0,91.66666666666667,100.0,100.0,2400000,65.55,3264.5,5.4803624922625,3.0731184917279997,0.87533052190976,5.13622,0x0,5.0525,0.06375,0.322096875
8408.700103766,1784214214.392566,100.0,88.88888888888889,100.0,90.0,92.10526315789474,2400000,65.55,3268.375,8.1053544826313,5.933167762119999,0.6335972816654,5.11612,0x0,5.0525,0.06375,0.322096875
8408.800090771,1784214214.492553,100.0,100.0,90.9090909090909,100.0,97.5609756097561,2400000,67.2,3221.0,5.19038032017178,2.775521384701,0.86651138715012,5.07592,0x0,5.0512500000000005,0.06375,0.3220171875
8408.898759421,1784214214.5912192,100.0,70.0,80.0,72.72727272727273,78.94736842105263,2400000,66.65,3246.703125,4.751324031237179,2.502619639014,0.6130103313929,5.11612,0x0,5.06625,0.06375,0.3229734375
8408.998744074,1784214214.6912038,50.0,10.0,0.0,0.0,17.94871794871795,2400000,66.65,3225.0625,3.1386242110152605,0.84322985768505,0.43180474196944,5.10138,0x0,5.055,0.0625,0.3159375
8409.098731838,1784214214.791191,0.0,0.0,0.0,0.0,0.0,2400000,65.55,3223.875,2.60450816729635,0.82027604009918,0.43795831596102996,5.12282,0x0,5.05625,0.06375,0.3223359375
8409.198730565,1784214214.8911898,0.0,0.0,0.0,0.0,0.0,2400000,64.45,3223.875,2.588348978951245,0.82053029146032,0.43752636048342,5.12014,0x0,5.0575,0.06375,0.32241562500000004
8409.29872957,1784214214.991189,0.0,0.0,0.0,0.0,0.0,2400000,64.45,3223.875,2.5971439489915396,0.82002169408005,0.43703551847258,5.12416,0x0,5.0575,0.06375,0.32241562500000004
8409.398728708,1784214215.0911882,0.0,0.0,0.0,0.0,0.0,2400000,64.45,3223.875,2.6122347808046302,0.82002169408005,0.43985963187548005,5.1188,0x0,5.05625,0.06375,0.3223359375
8409.498730366,1784214215.1911895,0.0,0.0,0.0,0.0,0.0,2400000,64.45,3223.875,2.5863572378678605,0.796813617105,0.4378490478958,5.12282,0x0,5.05625,0.06375,0.3223359375
8409.59872906,1784214215.2911882,0.0,0.0,0.0,0.0,0.0,2400000,63.35,3223.875,2.59764354002395,0.797307820272,0.45276444603005006,5.12148,0x0,5.05625,0.06375,0.3223359375
8409.698729144,1784214215.3911884,0.0,0.0,0.0,0.0,0.0,2400000,63.35,3223.875,2.61090544202724,0.812285726175,0.43704119637319994,5.11344,0x0,5.05625,0.0625,0.316015625
8409.798729598,1784214215.4911888,0.0,0.0,0.0,0.0,0.0,2400000,63.9,3223.875,2.61623549192264,0.80504858621232,0.45487334094513004,5.12282,0x0,5.05625,0.06375,0.3223359375
8409.898730255,1784214215.5911899,0.0,0.0,0.0,0.0,0.0,1900000,63.35,3223.875,2.3913404684793997,0.597237817764,0.4342497340965,5.12416,0x0,5.0575,0.06375,0.32241562500000004
8409.998731894,1784214215.6911912,0.0,0.0,0.0,0.0,0.0,1500000,63.9,3221.40625,2.27311968632856,0.485147782656,0.44103567007773997,5.12282,0x0,5.0575,0.06375,0.32241562500000004
8410.0987312,1784214215.791191,0.0,0.0,0.0,0.0,0.0,1500000,62.8,3221.40625,2.27702536803267,0.47670648762199996,0.43680193937905,5.12282,0x0,5.0575,0.06375,0.32241562500000004
8410.198731802,1784214215.8911915,0.0,0.0,0.0,0.0,0.0,1500000,62.8,3221.40625,2.42238058202658,0.478579919466,0.43020564314799997,5.12282,0x0,5.0575,0.06375,0.32241562500000004
8410.298732682,1784214215.991192,0.0,0.0,0.0,0.0,0.0,1500000,62.8,3221.40625,2.2623675087433304,0.47553344818,0.43658003338792,5.12282,0x0,5.0575,0.06375,0.32241562500000004
8410.398731102,1784214216.0911906,0.0,0.0,0.0,0.0,0.0,1500000,62.25,3221.40625,2.2440399978584105,0.478579919466,0.43324915600841996,5.12416,0x0,5.0575,0.06375,0.32241562500000004
8410.49873269,1784214216.1911922,0.0,0.0,0.0,0.0,0.0,1500000,62.8,3221.40625,2.2454784378964003,0.47217516094,0.4305770693588,5.12416,0x0,5.0575,0.06375,0.32241562500000004
8410.598730241,1784214216.2911897,0.0,0.0,0.0,0.0,0.0,1500000,61.7,3221.40625,2.25796028356245,0.47806895468899996,0.43872535880352,5.12416,0x0,5.05625,0.06375,0.3223359375
8410.698731903,1784214216.3911912,0.0,0.0,0.0,0.0,0.0,1500000,62.8,3221.40625,2.2568924952654803,0.478920520382,0.45138974629888,5.12282,0x0,5.0575,0.06375,0.32241562500000004
8410.798731862,1784214216.4911914,0.0,0.0,0.0,0.0,0.0,1500000,61.15,3221.40625,2.25066936458352,0.47133558912999995,0.44011940298931995,5.12416,0x0,5.0575,0.06375,0.32241562500000004
8410.898732635,1784214216.591192,0.0,0.0,0.0,0.0,0.0,1500000,62.25,3221.40625,2.2358630694640107,0.47099984792,0.43220869031133,5.12416,0x0,5.0575,0.06375,0.32241562500000004
8410.999123552,1784214216.6915832,40.0,45.45454545454545,40.0,40.0,41.46341463414634,1500000,62.8,3202.125,5.361687881594871,3.015204753798,0.9078734089104801,5.08128,0x0,5.03125,0.06375,0.3207421875
8411.100131258,1784214216.7925932,100.0,90.0,88.88888888888889,90.0,92.6829268292683,2400000,65.0,3116.859375,4.68690989511843,2.523517955424,0.83263434238218,5.07994,0x0,5.05375,0.06375,0.3221765625
8411.198766676,1784214216.891226,100.0,100.0,90.9090909090909,100.0,100.0,2400000,65.55,3116.859375,5.649674474022469,3.27133683909,0.8550422867070799,5.08396,0x0,5.0600000000000005,0.06375,0.32257500000000006
8411.300063879,1784214216.9925234,100.0,91.66666666666667,100.0,100.0,97.67441860465117,2400000,65.55,3118.3125,4.05513838445152,1.70913815943,0.5304635848999799,5.14292,0x0,5.0512500000000005,0.06375,0.3220171875
8411.398750838,1784214217.091211,100.0,100.0,90.0,90.0,92.3076923076923,2400000,66.1,3120.40625,6.14692535439717,3.7322470890040003,0.70324543974146,5.05448,0x0,5.05625,0.0625,0.316015625
8411.498801337,1784214217.1912634,100.0,90.9090909090909,100.0,100.0,97.5,2400000,66.65,3144.96875,8.93365984958597,6.5662761691505995,0.8526436513187201,5.03706,0x0,5.06375,0.06375,0.3228140625
8411.600067675,1784214217.2925286,100.0,100.0,91.66666666666667,90.9090909090909,95.23809523809524,2400000,65.0,3155.453125,8.50848045142392,6.3165348743472,0.64877339997336,5.08798,0x0,5.05,0.06375,0.3219375
8411.700075212,1784214217.3925352,90.0,90.0,100.0,88.88888888888889,94.5945945945946,2400000,65.55,3147.484375,8.10316142820794,5.815865452110001,0.7946092637715001,5.1322,0x0,5.04625,0.06375,0.3216984375
8411.80012473,1784214217.4925888,100.0,100.0,90.0,100.0,97.5,2400000,66.65,3113.578125,5.666955605681111,3.281104507024,0.7324030756986001,5.12818,0x0,5.055,0.0625,0.3159375
8411.898737523,1784214217.5911973,66.66666666666667,10.0,11.11111111111111,10.0,25.641025641025642,2400000,66.65,3118.65625,2.8042955921546295,0.836012083392,0.43350951558094,5.12416,0x0,5.05875,0.06375,0.3224953125
8411.998731097,1784214217.6911907,10.0,0.0,0.0,0.0,0.0,2400000,65.55,3119.5625,2.63989312669598,0.827757835245,0.4479923387536,5.12684,0x0,5.05625,0.06375,0.3223359375
8412.098728246,1784214217.7911878,0.0,0.0,0.0,0.0,0.0,2400000,65.0,3119.5625,2.60189405228616,0.82053029146032,0.44138290739128005,5.12416,0x0,5.0575,0.06375,0.32241562500000004
8412.198729338,1784214217.8911886,0.0,0.0,0.0,0.0,0.0,2400000,65.0,3119.5625,2.5941216917693497,0.812285726175,0.4349791871927,5.12148,0x0,5.05625,0.06375,0.3223359375
8412.298729579,1784214217.9911888,0.0,0.0,0.0,0.0,0.0,2400000,64.45,3119.5625,2.6250930770862504,0.80504858621232,0.43568229880689996,5.12282,0x0,5.05625,0.06375,0.3223359375
8412.398728916,1784214218.091188,0.0,0.0,0.0,0.0,0.0,2400000,64.45,3119.5625,2.59265464228504,0.8052980403774601,0.44176720966247995,5.1255,0x0,5.05625,0.06375,0.3223359375
8412.498729384,1784214218.1911886,0.0,0.0,0.0,0.0,0.0,2400000,63.35,3119.5625,2.596705402387315,0.80504858621232,0.4347605281097,5.12282,0x0,5.05625,0.06375,0.3223359375
8412.598729518,1784214218.2911887,0.0,0.0,0.0,0.0,0.0,2400000,63.9,3119.5625,2.60886303894169,0.80504858621232,0.44932357614452,5.12416,0x0,5.05625,0.06375,0.3223359375
8412.698729893,1784214218.3911893,0.0,0.0,0.0,0.0,0.0,2400000,63.9,3119.5625,2.7848318360592006,0.81253767273,0.4378382559855999,5.12014,0x0,5.05625,0.06375,0.3223359375
8412.798728119,1784214218.4911876,0.0,0.0,0.0,0.0,0.0,2400000,63.9,3119.546875,2.60668156461324,0.80454958501005,0.44345378785024003,5.12416,0x0,5.05625,0.06375,0.3223359375
8412.898728809,1784214218.591188,0.0,0.0,0.0,0.0,0.0,2400000,62.25,3119.546875,2.7665105264080694,0.796813617105,0.43357132411749993,5.12282,0x0,5.05625,0.06375,0.3223359375
8412.99873085,1784214218.6911902,0.0,0.0,0.0,0.0,0.0,2400000,62.25,3119.546875,2.6102503515800404,0.81203396715,0.43383526583116006,5.12416,0x0,5.0575,0.06375,0.32241562500000004
8413.098729762,1784214218.791189,0.0,0.0,0.0,0.0,0.0,2400000,64.45,3119.78125,2.6012433225700398,0.796813617105,0.43982952209445997,5.12416,0x0,5.05625,0.06375,0.3223359375
8413.198729637,1784214218.891189,0.0,0.0,0.0,0.0,0.0,2400000,63.35,3119.78125,2.5890308774398703,0.80504858621232,0.43749251816612994,5.12014,0x0,5.05625,0.0625,0.316015625
8413.298729494,1784214218.9911888,0.0,0.0,0.0,0.0,0.0,2400000,62.25,3119.78125,2.6165180348872954,0.80454958501005,0.4473896823428,5.12684,0x0,5.05625,0.06375,0.3223359375
8413.398728428,1784214219.0911877,0.0,0.0,0.0,0.0,0.0,2400000,63.35,3119.78125,2.5810862295114396,0.796813617105,0.43959626698039994,5.12282,0x0,5.05625,0.06375,0.3223359375
8413.498730511,1784214219.1911898,0.0,0.0,0.0,0.0,0.0,2400000,63.35,3119.78125,2.6159472526491796,0.797060764678,0.44026604872996994,5.12282,0x0,5.05625,0.06375,0.3223359375
8413.59872939,1784214219.2911885,0.0,0.0,0.0,0.0,0.0,2400000,61.7,3119.78125,2.6190291874271296,0.797307820272,0.4404072448144,5.11478,0x0,5.05625,0.06375,0.3223359375
8413.698729788,1784214219.391189,0.0,0.0,0.0,0.0,0.0,2400000,63.35,3119.78125,2.58833681374962,0.797060764678,0.45009997523306,5.12148,0x0,5.05625,0.06375,0.3223359375
8413.798729538,1784214219.491189,0.0,0.0,0.0,0.0,0.0,2400000,63.35,3119.78125,2.61064552738467,0.796813617105,0.45104648293719996,5.12282,0x0,5.05625,0.06375,0.3223359375
8413.898806195,1784214219.5912683,30.0,36.36363636363637,20.0,20.0,25.0,2400000,63.35,3110.8125,5.937575880983009,3.9710573961119997,0.54626423249172,5.12282,0x0,5.03125,0.06375,0.3207421875
8414.000059152,1784214219.692519,81.81818181818181,88.88888888888889,90.0,66.66666666666667,79.48717948717949,2400000,64.45,3108.765625,4.44527936981467,2.365764745734,0.7614681940104799,5.15632,0x0,5.0325,0.06375,0.320821875
8414.098758824,1784214219.7912202,100.0,90.0,100.0,100.0,100.0,2400000,65.55,3110.21875,8.721323560062832,6.845034080248,0.5357142609748,5.05582,0x0,5.0512500000000005,0.0625,0.31570312500000003
8414.199279994,1784214219.8917396,100.0,100.0,100.0,100.0,97.72727272727273,2400000,66.65,3116.03125,8.81442119616292,6.823185550221001,0.58787654339012,5.14024,0x0,5.06375,0.06375,0.3228140625
8414.298752861,1784214219.9912128,100.0,100.0,100.0,100.0,97.36842105263158,2400000,66.1,3118.453125,9.226037659202829,7.4266114873005,0.48620249133101995,5.0652,0x0,5.0512500000000005,0.06375,0.3220171875
8414.4000666,1784214220.0925274,90.9090909090909,90.9090909090909,100.0,90.0,95.1219512195122,2400000,67.75,3120.140625,5.469491732956051,3.1049763596,0.7831356113201999,5.1188,0x0,5.05375,0.06375,0.3221765625
8414.500102891,1784214220.1925633,90.0,90.0,90.9090909090909,90.0,92.6829268292683,2400000,67.2,3121.59375,5.798396292141401,3.274380659952,0.9581329817370801,5.14426,0x0,5.0525,0.06375,0.322096875
8414.600059905,1784214220.2925196,100.0,100.0,100.0,100.0,100.0,2400000,67.75,3140.484375,5.865598950468409,3.472200263168,0.87595828546678,5.12952,0x0,5.05375,0.06375,0.3221765625
8414.698828858,1784214220.3912902,90.9090909090909,100.0,100.0,100.0,97.36842105263158,2400000,67.75,3147.90625,5.73876815359917,3.512960355168,0.64692356763112,5.04376,0x0,5.0512500000000005,0.06375,0.3220171875
8414.798812983,1784214220.4912748,100.0,90.0,100.0,90.0,92.6829268292683,2400000,67.2,3153.640625,6.160131455056049,3.7620543752639994,0.8581685230925999,5.12416,0x0,5.0525,0.06375,0.322096875
8414.900075964,1784214220.5925379,90.9090909090909,100.0,100.0,100.0,100.0,2400000,68.3,3108.3125,5.613840277998331,3.340442663896,0.79727208456712,5.14292,0x0,5.04625,0.06375,0.3216984375
8415.000065441,1784214220.6925263,100.0,100.0,100.0,100.0,97.5609756097561,2400000,69.4,3133.015625,5.6647512187164395,3.37710332152,0.7596871233389799,5.12282,0x0,5.05875,0.06375,0.3224953125
8415.098779894,1784214220.79124,90.0,88.88888888888889,100.0,90.0,92.3076923076923,2400000,68.3,3138.015625,5.680916356289189,3.25216551324,0.87771978459916,5.13756,0x0,5.0525,0.06375,0.322096875
8415.198826667,1784214220.891288,100.0,90.9090909090909,100.0,100.0,97.5,2400000,68.3,3114.515625,5.55011442439904,3.399287286458,0.66833439591576,5.13488,0x0,5.05,0.06375,0.3219375
8415.298747274,1784214220.9912074,60.0,70.0,90.9090909090909,60.0,73.17073170731707,2400000,68.3,3118.921875,4.083357359546285,1.9714706214449997,0.5381035954324,5.12282,0x0,5.0525,0.0625,0.31578125
8415.398737291,1784214221.0911968,9.090909090909092,11.11111111111111,44.44444444444444,0.0,17.073170731707318,2400000,67.2,3098.59375,2.8221328303068502,0.835753034808,0.46293986016346,5.12684,0x0,5.0575,0.0625,0.31609375
8415.498730587,1784214221.19119,0.0,0.0,0.0,0.0,0.0,2400000,66.65,3098.59375,2.62221665181184,0.828014580782,0.43188264904548,5.12282,0x0,5.0575,0.06375,0.32241562500000004
8415.598729642,1784214221.2911892,0.0,0.0,0.0,0.0,0.0,2400000,66.65,3098.59375,2.62611922545956,0.828014580782,0.43869506825115007,5.12148,0x0,5.05625,0.06375,0.3223359375
8415.698729457,1784214221.3911886,0.0,0.0,0.0,0.0,0.0,2400000,64.45,3098.59375,2.79085409007385,0.8282712307679999,0.44000222857414006,5.12282,0x0,5.05625,0.06375,0.3223359375
8415.798729308,1784214221.4911888,0.0,0.0,0.0,0.0,0.0,2400000,65.0,3098.59375,2.64761859966065,0.8282712307679999,0.46475398769487997,5.12416,0x0,5.05625,0.06375,0.3223359375
8415.898731085,1784214221.5911906,0.0,0.0,0.0,0.0,0.0,2400000,65.55,3098.59375,2.63197557015316,0.827757835245,0.45412472420875,5.1255,0x0,5.05625,0.06375,0.3223359375
8415.9987304,1784214221.6911895,0.0,0.0,0.0,0.0,0.0,2400000,65.0,3096.375,2.6007258142503007,0.81253767273,0.44157685941395003,5.12416,0x0,5.0575,0.06375,0.32241562500000004
8416.09873051,1784214221.79119,0.0,0.0,0.0,0.0,0.0,1900000,65.0,3096.375,2.43155249138237,0.60393995055975,0.43325268885888,5.12282,0x0,5.05625,0.06375,0.3223359375
8416.198730732,1784214221.89119,0.0,0.0,0.0,0.0,0.0,1500000,65.0,3096.375,2.26336869453845,0.492061043958,0.43597519291384995,5.12416,0x0,5.0575,0.06375,0.32241562500000004
8416.298731639,1784214221.9911914,0.0,0.0,0.0,0.0,0.0,1500000,64.45,3096.375,2.276257674126175,0.492411239266,0.43976635600848,5.12416,0x0,5.0575,0.06375,0.32241562500000004
8416.398731309,1784214222.091191,0.0,0.0,0.0,0.0,0.0,1500000,64.45,3096.375,2.2720334906744797,0.48497508359999997,0.43788534952954,5.12148,0x0,5.0575,0.06375,0.32241562500000004
8416.498731924,1784214222.1911914,0.0,0.0,0.0,0.0,0.0,1500000,64.45,3096.375,2.26362687042995,0.485320481712,0.4418673121092,5.11746,0x0,5.0575,0.06375,0.32241562500000004
8416.598732225,1784214222.2911918,0.0,0.0,0.0,0.0,0.0,1500000,64.45,3096.375,2.2538078098502106,0.48480232024799996,0.43273912286133004,5.12952,0x0,5.0575,0.06375,0.32241562500000004
8416.698732247,1784214222.3911917,0.0,0.0,0.0,0.0,0.0,1500000,64.45,3096.375,2.2881783715120303,0.492061043958,0.44609197315823995,5.12684,0x0,5.0575,0.06375,0.32241562500000004
8416.798730714,1784214222.4911902,0.0,0.0,0.0,0.0,0.0,1500000,63.35,3096.375,2.2684462436871247,0.48635674034399995,0.43470371325591994,5.12416,0x0,5.0575,0.06375,0.32241562500000004
8416.898731756,1784214222.5911915,0.0,0.0,0.0,0.0,0.0,1500000,63.9,3092.28125,2.2312076699698804,0.485493245064,0.42035674496290004,5.13354,0x0,5.0575,0.0625,0.31609375
8416.998733241,1784214222.6911926,0.0,0.0,0.0,0.0,0.0,1500000,64.45,3092.28125,2.3003214242239,0.483420663504,0.43118253737565,5.12416,0x0,5.0575,0.06375,0.32241562500000004
8417.098732504,1784214222.791192,0.0,0.0,0.0,0.0,0.0,1500000,62.8,3092.28125,2.2839683650282594,0.485320481712,0.47281509522380005,5.12416,0x0,5.0575,0.06375,0.32241562500000004
8417.198732416,1784214222.891192,0.0,0.0,0.0,0.0,0.0,1500000,62.25,3092.28125,2.25711834193442,0.48480232024799996,0.43694466713689994,5.12416,0x0,5.0575,0.0625,0.31609375
8417.298732346,1784214222.991192,0.0,0.0,0.0,0.0,0.0,1500000,63.35,3092.28125,2.2649890871094205,0.48480232024799996,0.43629105953166,5.12282,0x0,5.05625,0.0625,0.316015625
8417.398755835,1784214223.0912156,50.0,54.54545454545455,50.0,50.0,52.5,1500000,62.8,3092.28125,4.58443445225058,2.686908174034,0.48230060433346006,5.14158,0x0,5.0575,0.06375,0.32241562500000004
8417.500122421,1784214223.1925848,90.9090909090909,90.0,100.0,90.9090909090909,90.69767441860465,2400000,65.55,3019.140625,5.582496858892649,3.3104650771779998,0.80483090023148,5.06922,0x0,5.0525,0.06375,0.322096875
8417.598786426,1784214223.2912462,100.0,100.0,100.0,100.0,97.5,2400000,65.55,3022.046875,5.164898354037129,3.379194898976,0.36675593932427997,5.159,0x0,5.04625,0.06375,0.3216984375
8417.698838008,1784214223.3913019,90.9090909090909,90.9090909090909,100.0,100.0,100.0,2400000,66.1,3023.015625,9.599361068421011,7.445874529698001,0.7490716809968,5.12416,0x0,5.04375,0.06375,0.32153906250000003
8417.800079262,1784214223.4925392,100.0,100.0,90.9090909090909,90.9090909090909,94.5945945945946,2400000,67.2,3028.78125,5.691971421337341,3.509990831906,0.63580136644896,5.18848,0x0,5.0525,0.06375,0.322096875
8417.900067011,1784214223.592528,90.9090909090909,88.88888888888889,100.0,90.0,92.6829268292683,2400000,68.3,3039.78125,5.866083771343035,3.4446794176799997,0.94322930083208,5.05314,0x0,5.0525,0.0625,0.31578125
8418.000051798,1784214223.6925116,100.0,100.0,100.0,100.0,97.5609756097561,2400000,66.65,3047.53125,8.51835004837574,6.7598583168060005,0.45713197684342,5.05582,0x0,5.0512500000000005,0.06375,0.3220171875
8418.098761339,1784214223.7912211,90.0,90.0,100.0,100.0,94.87179487179488,2400000,67.75,3068.53125,5.52727019640056,3.293515626414,0.7244665620827999,5.13488,0x0,5.04875,0.06375,0.3218578125
8418.198820569,1784214223.8912823,100.0,100.0,100.0,90.9090909090909,97.61904761904762,2400000,67.75,3057.390625,4.9125601748554395,2.545293874728,0.85341717181356,5.14024,0x0,5.0475,0.06375,0.321778125
8418.300065768,1784214223.9925256,90.9090909090909,90.9090909090909,100.0,100.0,95.23809523809524,2400000,67.75,3070.15625,5.572763155334376,3.308477026998,0.7709326767696001,5.12684,0x0,5.0475,0.06375,0.321778125
8418.400107039,1784214224.0925705,90.9090909090909,100.0,91.66666666666667,91.66666666666667,97.5,2400000,68.3,3051.265625,5.714716285805619,3.344048333568,0.8573152569664599,5.13488,0x0,5.0525,0.06375,0.322096875
8418.498751771,1784214224.1912112,40.0,45.45454545454545,100.0,40.0,55.0,2400000,67.75,3059.0,3.9067233613566694,1.4229928567199999,0.5096076459578,5.13488,0x0,5.0575,0.06375,0.32241562500000004
8418.598733358,1784214224.2911928,0.0,0.0,10.0,0.0,2.5641025641025643,2400000,67.2,3051.53125,2.8187171328860803,0.84349140217718,0.43497125664332004,5.12952,0x0,5.05625,0.06375,0.3223359375
8418.698730297,1784214224.3911898,0.0,0.0,0.0,0.0,0.0,2400000,66.65,3051.53125,2.6406627419674953,0.835753034808,0.4354632532666,5.12148,0x0,5.05625,0.0625,0.316015625
8418.798729884,1784214224.4911892,0.0,0.0,0.0,0.0,0.0,2400000,66.1,3051.53125,2.59377525696199,0.82027604009918,0.44077560169386004,5.12684,0x0,5.0575,0.06375,0.32241562500000004
8418.898729805,1784214224.5911891,0.0,0.0,0.0,0.0,0.0,2400000,66.1,3051.53125,2.623359218471315,0.82002169408005,0.43888594811215004,5.11746,0x0,5.05625,0.0625,0.316015625
8418.998731318,1784214224.6911907,0.0,0.0,0.0,0.0,0.0,2400000,65.55,3051.53125,2.69970056448629,0.83523493764,0.45072779717585004,5.13622,0x0,5.0575,0.06375,0.32241562500000004
8419.098729664,1784214224.7911892,0.0,0.0,0.0,0.0,0.0,2400000,65.55,3051.53125,2.5994757040438548,0.812285726175,0.437074726813,5.12282,0x0,5.0575,0.06375,0.32241562500000004
8419.198730233,1784214224.8911898,0.0,0.0,0.0,0.0,0.0,2400000,65.55,3051.53125,2.62204029315782,0.81951319135777,0.43827260727314,5.12282,0x0,5.05625,0.0625,0.316015625
8419.298729672,1784214224.9911892,0.0,0.0,0.0,0.0,0.0,2400000,65.55,3051.53125,2.6092246825241903,0.81203396715,0.45034629344892,5.12416,0x0,5.05625,0.0625,0.316015625
8419.398729429,1784214225.0911887,0.0,0.0,0.0,0.0,0.0,2400000,65.55,3051.53125,2.59443963316247,0.80479913204718,0.44304158234945,5.12416,0x0,5.05625,0.06375,0.3223359375
8419.498728928,1784214225.1911883,0.0,0.0,0.0,0.0,0.0,2400000,64.45,3051.53125,2.6090143107497403,0.81278952552,0.43922008898108,5.12148,0x0,5.05625,0.06375,0.3223359375
8419.598728094,1784214225.2911875,0.0,0.0,0.0,0.0,0.0,2400000,65.0,3051.765625,2.65787863041758,0.81278952552,0.43478814301029994,5.12416,0x0,5.0575,0.06375,0.32241562500000004
8419.698729111,1784214225.3911884,0.0,0.0,0.0,0.0,0.0,2400000,65.0,3051.765625,2.61677072600297,0.81278952552,0.44900394143168,5.12416,0x0,5.0575,0.0625,0.31609375
8419.798729018,1784214225.4911885,0.0,0.0,0.0,0.0,0.0,2400000,63.9,3051.765625,2.64238845253098,0.812285726175,0.47347977687610004,5.12416,0x0,5.05625,0.06375,0.3223359375
8419.898729332,1784214225.5911887,0.0,0.0,0.0,0.0,0.0,2400000,65.0,3051.40625,2.6176508290578697,0.81253767273,0.43881356139772,5.1188,0x0,5.0575,0.06375,0.32241562500000004
8419.998730534,1784214225.69119,0.0,0.0,0.0,0.0,0.0,2400000,63.35,3051.40625,2.63392825637131,0.81253767273,0.44344713009755,5.12684,0x0,5.05625,0.06375,0.3223359375
8420.098730385,1784214225.7911897,0.0,0.0,0.0,0.0,0.0,2400000,64.45,3051.40625,2.5974850727170002,0.82002169408005,0.26063890263145,5.11746,0x0,5.055,0.06375,0.32225624999999997
8420.198728347,1784214225.8911881,0.0,0.0,0.0,0.0,0.0,2400000,64.45,3051.625,2.5984255349652052,0.81203396715,0.43552221112260997,5.12014,0x0,5.0575,0.06375,0.32241562500000004
8420.298729198,1784214225.9911885,0.0,0.0,0.0,0.0,0.0,2400000,63.9,3051.609375,2.60437437463703,0.812285726175,0.43751220365531995,5.12416,0x0,5.05625,0.06375,0.3223359375
8420.39872983,1784214226.0911891,0.0,0.0,0.0,0.0,0.0,2400000,64.45,3051.609375,2.5941495951713502,0.80454958501005,0.4382019831902,5.12416,0x0,5.05625,0.06375,0.3223359375
8420.498729427,1784214226.191189,0.0,0.0,0.0,0.0,0.0,2400000,63.35,3051.609375,2.60846691098914,0.8140487894699999,0.44197349426912996,5.15632,0x0,5.05625,0.0625,0.316015625
8420.60005086,1784214226.2925105,80.0,90.0,55.55555555555556,87.5,77.5,2400000,65.55,3052.78125,5.331097054806724,3.055741541325,0.65917293370998,5.15096,0x0,5.055,0.06375,0.32225624999999997
8420.700059012,1784214226.392519,100.0,90.0,100.0,100.0,100.0,2400000,67.2,3053.265625,8.74561474271354,6.879485629114,0.47216261134290005,5.07056,0x0,5.045,0.0625,0.3153125
8420.798761455,1784214226.4912212,100.0,100.0,100.0,100.0,97.36842105263158,2400000,67.75,3055.125,4.033187961802255,1.672024166784,0.8676218097073599,5.0719,0x0,5.0425,0.06375,0.32145937500000005
8420.900056111,1784214226.5925162,90.0,100.0,90.0,100.0,94.87179487179488,2400000,68.3,3057.703125,8.99474672075077,6.77534481925,0.64444878034568,5.13354,0x0,5.05375,0.06375,0.3221765625
8421.000075022,1784214226.6925354,90.9090909090909,90.9090909090909,100.0,90.9090909090909,95.23809523809524,2400000,67.2,3065.453125,8.75445941507562,6.5080398358660005,0.764549950271,5.14292,0x0,5.05375,0.0625,0.315859375
8421.098868538,1784214226.7913322,100.0,90.0,90.0,100.0,94.87179487179488,2400000,67.2,3092.484375,6.238843825757405,3.8602912129650004,0.8335681546478,5.10004,0x0,5.0475,0.06375,0.321778125
8421.200132713,1784214226.8925967,90.9090909090909,100.0,100.0,100.0,97.61904761904762,2400000,68.85,3092.484375,6.22674889478275,3.672347236025,0.8203195045726,5.12818,0x0,5.04875,0.0625,0.315546875
8421.300152494,1784214226.9926164,88.88888888888889,88.88888888888889,90.0,100.0,92.3076923076923,2400000,68.3,3102.5,5.66279999039392,3.3130849230719996,0.83170128331324,5.12684,0x0,5.05375,0.06375,0.3221765625
8421.40005441,1784214227.0925143,90.9090909090909,90.0,90.0,100.0,92.5,2400000,69.4,3106.203125,4.68768172618798,2.3193772016999996,0.7713236826428,5.12416,0x0,5.065,0.06375,0.32289375000000003
8421.498743617,1784214227.1912034,0.0,0.0,10.0,55.55555555555556,15.789473684210526,2400000,67.75,3105.8125,2.80903733396001,0.87390322179,0.44204705859673,5.1322,0x0,5.055,0.06375,0.32225624999999997
8421.598731329,1784214227.2911909,9.090909090909092,0.0,0.0,0.0,2.5,2400000,66.65,3107.5625,2.77039704479684,0.835753034808,0.43341349775544996,5.12416,0x0,5.05625,0.06375,0.3223359375
8421.698729041,1784214227.3911884,0.0,0.0,0.0,0.0,0.0,2400000,66.1,3107.5625,2.7808150813863004,0.8282712307679999,0.43818936184018,5.12282,0x0,5.05625,0.06375,0.3223359375
8421.798729975,1784214227.4911895,0.0,0.0,0.0,0.0,0.0,2400000,66.1,3107.5625,2.6302033789112804,0.828527880754,0.45929456930030005,5.12282,0x0,5.05625,0.06375,0.3223359375
8421.898729131,1784214227.5911882,0.0,0.0,0.0,0.0,0.0,2400000,66.65,3107.5625,2.6231032301288604,0.82053029146032,0.44894192642176,5.12282,0x0,5.0575,0.0625,0.31609375
8421.998730787,1784214227.6911902,0.0,0.0,0.0,0.0,0.0,2400000,66.1,3107.5625,2.6135144158290804,0.827757835245,0.4344902169262,5.12818,0x0,5.05625,0.06375,0.3223359375
8422.098729258,1784214227.791189,0.0,0.0,0.0,0.0,0.0,2400000,65.55,3107.5625,2.6082923487408602,0.827757835245,0.44240526036940003,5.1255,0x0,5.05625,0.0625,0.316015625
8422.198729358,1784214227.8911886,0.0,0.0,0.0,0.0,0.0,2400000,64.45,3107.5625,2.484340984070125,0.78907747594005,0.43938878365680006,5.12282,0x0,5.05625,0.06375,0.3223359375
8422.298728199,1784214227.9911878,0.0,0.0,0.0,0.0,0.0,2400000,65.0,3107.5625,2.61438757572217,0.82027604009918,0.43980062778925,5.12148,0x0,5.05625,0.06375,0.3223359375
8422.398728915,1784214228.0911884,0.0,0.0,0.0,0.0,0.0,2400000,65.0,3107.5625,2.61713952676197,0.82027604009918,0.44119344866619997,5.12416,0x0,5.05625,0.0625,0.316015625
8422.498731483,1784214228.191191,0.0,0.0,0.0,0.0,0.0,1900000,65.0,3107.5625,2.3900629150407497,0.61104520695,0.4370568249089,5.11746,0x0,5.0575,0.06375,0.32241562500000004
8422.598731903,1784214228.2911913,0.0,0.0,0.0,0.0,0.0,1500000,65.0,3107.5625,2.26776634396633,0.49311169507099994,0.43740355174358997,5.12818,0x0,5.0575,0.06375,0.32241562500000004
8422.698732526,1784214228.391192,0.0,0.0,0.0,0.0,0.0,1500000,64.45,3107.5625,2.2861758662363796,0.492236206801,0.46343107687277996,5.12684,0x0,5.0575,0.06375,0.32241562500000004
8422.798731853,1784214228.4911916,0.0,0.0,0.0,0.0,0.0,1500000,65.0,3107.5625,2.28034550053095,0.485493245064,0.43812762450106,5.12282,0x0,5.0575,0.06375,0.32241562500000004
8422.898732014,1784214228.5911915,0.0,0.0,0.0,0.0,0.0,1500000,62.8,3107.5625,2.26099765773888,0.492061043958,0.44030144278328,5.12282,0x0,5.0575,0.06375,0.32241562500000004
8422.998733137,1784214228.6911929,0.0,0.0,0.0,0.0,0.0,1500000,63.35,3107.5625,2.23896688736606,0.48480232024799996,0.44010089795164997,5.12282,0x0,5.0575,0.0625,0.31609375
8423.098731835,1784214228.7911913,0.0,0.0,0.0,0.0,0.0,1500000,63.9,3107.5625,2.1948833507962995,0.485320481712,0.45219138282952004,5.12282,0x0,5.0575,0.06375,0.32241562500000004
8423.198732032,1784214228.8911915,0.0,0.0,0.0,0.0,0.0,1500000,64.45,3107.5625,2.27559960036705,0.48480232024799996,0.4456565359708,5.12416,0x0,5.0575,0.06375,0.32241562500000004
8423.298731915,1784214228.9911916,0.0,0.0,0.0,0.0,0.0,1500000,63.9,3107.5625,2.1765493879677202,0.48704766516,0.429942707088,5.12282,0x0,5.0575,0.06375,0.32241562500000004
8423.398732487,1784214229.091192,0.0,0.0,0.0,0.0,0.0,1500000,64.45,3107.5625,2.187943099306815,0.485320481712,0.43638536594991006,5.12282,0x0,5.05625,0.06375,0.3223359375
8423.500070119,1784214229.1925302,25.0,40.0,33.333333333333336,45.45454545454545,37.5,1500000,64.45,3053.046875,5.81560659587348,3.683504116376,0.6625730751054001,5.11076,0x0,5.03125,0.06375,0.3207421875
8423.598756372,1784214229.2912161,80.0,80.0,80.0,90.0,86.48648648648648,2400000,65.55,3059.09375,8.91992197499179,6.909118772066,0.5836388936016801,5.08798,0x0,5.03125,0.06375,0.3207421875
8423.698830795,1784214229.3912907,100.0,100.0,100.0,100.0,100.0,2400000,67.2,3075.5625,9.345553290714872,7.246667092048799,0.65357813946552,5.09602,0x0,5.0475,0.06375,0.321778125
8423.800098873,1784214229.4925592,100.0,100.0,100.0,100.0,97.61904761904762,2400000,67.75,3081.375,5.870983119763781,3.7822181438080005,0.5605220190586799,5.08396,0x0,5.04875,0.0625,0.315546875
8423.8987882,1784214229.591248,100.0,90.0,100.0,100.0,100.0,2400000,68.85,3069.953125,6.07376889081981,3.8829739550160003,0.7557093817786801,5.08262,0x0,5.0425,0.06375,0.32145937500000005
8424.000041055,1784214229.6925013,100.0,100.0,100.0,100.0,97.5,2400000,69.4,3065.515625,4.94944439676091,2.427391717865,0.8599966234008201,5.14962,0x0,5.045,0.06375,0.32161875
8424.09876066,1784214229.7912204,90.9090909090909,100.0,90.9090909090909,100.0,97.43589743589743,2400000,69.4,3069.390625,5.71839147197325,3.613858030142,0.68322489447024,5.1657,0x0,5.0525,0.06375,0.322096875
8424.19876238,1784214229.8912225,100.0,90.9090909090909,100.0,100.0,94.87179487179488,2400000,69.95,3056.71875,5.9943922297399,3.445458781644,0.8703129492385,5.20188,0x0,5.055,0.0625,0.3159375
8424.298767656,1784214229.9912276,90.0,90.0,90.9090909090909,90.0,92.85714285714286,2400000,68.85,3076.484375,3.8951291646789703,1.651356115782,0.754954462843,5.08798,0x0,5.04875,0.0625,0.315546875
8424.400104144,1784214230.0925663,90.0,100.0,100.0,100.0,95.0,2400000,71.05,3097.578125,5.233592584747189,2.902819734,0.85886704190746,5.12416,0x0,5.0512500000000005,0.0625,0.31570312500000003
8424.500065944,1784214230.1925263,100.0,90.9090909090909,90.9090909090909,100.0,100.0,2400000,69.4,3120.828125,5.52592695572997,3.149550788582,0.8690976490621001,5.1322,0x0,5.05375,0.06375,0.3221765625
8424.598855848,1784214230.2913172,100.0,100.0,100.0,100.0,97.36842105263158,2400000,69.4,3124.875,8.968398676575708,6.694313833152,0.8240001052991199,5.15096,0x0,5.05625,0.06375,0.3223359375
8424.700398871,1784214230.3928616,100.0,100.0,100.0,100.0,97.61904761904762,2400000,70.5,3069.265625,3.93204368638031,1.9143604129519998,0.5691060753256001,5.05582,0x0,5.0600000000000005,0.0625,0.31625000000000003
8424.800127729,1784214230.4925907,83.33333333333333,81.81818181818181,88.88888888888889,100.0,90.0,2400000,68.3,3088.53125,5.863957578791314,3.5044327043549997,0.8570763563342,5.11746,0x0,5.05,0.06375,0.3219375
8424.90004751,1784214230.5925071,100.0,100.0,90.0,100.0,97.5,2400000,69.4,3133.578125,6.073210838400959,3.616098320674,0.8810024587706,5.1121,0x0,5.05625,0.06375,0.3223359375
8425.00006379,1784214230.6925242,100.0,100.0,100.0,100.0,97.5,2400000,69.95,3112.265625,5.5869580876874005,3.1921959482160003,0.88423795490084,5.12684,0x0,5.05,0.0625,0.315625
8425.100082034,1784214230.792545,81.81818181818181,90.0,90.9090909090909,100.0,90.2439024390244,2400000,71.05,3129.96875,5.334355886264405,2.92785563196,0.8063573939836399,5.12416,0x0,5.0475,0.06375,0.321778125
8425.198852661,1784214230.8913143,100.0,90.0,90.0,100.0,97.29729729729729,2400000,69.95,3058.390625,8.13467401362504,5.946432585938,0.72594830273246,5.1121,0x0,5.0512500000000005,0.06375,0.3220171875
8425.300128316,1784214230.9925897,90.0,100.0,100.0,100.0,97.67441860465117,2400000,69.95,3094.125,5.26480122447234,3.09051427818,0.68358810249292,5.07592,0x0,5.0512500000000005,0.06375,0.3220171875
8425.400131712,1784214231.0925949,100.0,100.0,100.0,100.0,97.43589743589743,2400000,69.95,3126.171875,5.407030003484071,3.2696764323960004,0.70145097998268,5.15096,0x0,5.0512500000000005,0.06375,0.3220171875
8425.498767326,1784214231.1912272,55.55555555555556,50.0,60.0,100.0,65.78947368421052,2400000,70.5,3068.0,4.3238779779088805,2.075191327496,0.6087869425797601,5.11746,0x0,5.0525,0.0625,0.31578125
8425.598744297,1784214231.2912037,9.090909090909092,10.0,0.0,63.63636363636363,17.5,2400000,68.85,3068.5,3.10100017770915,0.8669754938879999,0.647870441954,5.14426,0x0,5.065,0.06375,0.32289375000000003
8425.698732526,1784214231.391192,0.0,0.0,0.0,0.0,2.5,2400000,68.85,3068.5,2.6498408969137204,0.85870196675505,0.43653212333957,5.11746,0x0,5.05625,0.06375,0.3223359375
8425.798730348,1784214231.4911897,0.0,0.0,0.0,0.0,0.0,2400000,68.85,3067.484375,2.62599739032113,0.85096591222005,0.42347194962864004,5.12684,0x0,5.05625,0.0625,0.316015625
8425.89873054,1784214231.59119,0.0,0.0,0.0,0.0,0.0,2400000,68.3,3067.015625,2.5703395132234004,0.836012083392,0.4330215430947,5.1188,0x0,5.05625,0.06375,0.3223359375
8425.998731048,1784214231.6911902,0.0,0.0,0.0,0.0,0.0,2400000,67.75,3067.484375,2.62178092553058,0.8282712307679999,0.42239202649584,5.1255,0x0,5.05625,0.06375,0.3223359375
8426.098729684,1784214231.791189,0.0,0.0,0.0,0.0,0.0,2400000,67.75,3067.484375,2.62912214373212,0.8440142964874601,0.43990031020108,5.12148,0x0,5.05625,0.0625,0.316015625
8426.198729654,1784214231.891189,0.0,0.0,0.0,0.0,0.0,2400000,67.2,3067.484375,2.9395824114933404,0.85122985620318,0.5463998607459,5.12282,0x0,5.055,0.0625,0.3159375
8426.298728736,1784214231.991188,0.0,0.0,0.0,0.0,0.0,2400000,67.2,3067.484375,2.7821037555395702,0.8354938897799999,0.43432589698032004,5.11478,0x0,5.05375,0.06375,0.3221765625
8426.398729099,1784214232.0911887,0.0,0.0,0.0,0.0,0.0,2400000,67.2,3067.484375,2.5949030659403305,0.8354938897799999,0.42740412198127997,5.13488,0x0,5.055,0.06375,0.32225624999999997
8426.49872898,1784214232.1911886,0.0,0.0,0.0,0.0,0.0,2400000,65.55,3067.484375,2.60023240303965,0.8440142964874601,0.4179931586349,5.13622,0x0,5.05625,0.06375,0.3223359375
8426.598729011,1784214232.2911885,0.0,0.0,0.0,0.0,0.0,2400000,66.65,3067.484375,2.62038340827255,0.836012083392,0.44132692359875003,5.14024,0x0,5.055,0.06375,0.32225624999999997
8426.698728707,1784214232.3911881,0.0,0.0,0.0,0.0,0.0,2400000,65.55,3067.484375,2.6375350414744254,0.84322985768505,0.44518016896986007,5.1389,0x0,5.055,0.06375,0.32225624999999997
8426.798729311,1784214232.4911888,0.0,0.0,0.0,0.0,0.0,2400000,66.65,3063.6875,2.78390072280934,0.836012083392,0.41774625625639994,5.13488,0x0,5.05375,0.0625,0.315859375
8426.898728453,1784214232.5911877,0.0,0.0,0.0,0.0,0.0,2400000,66.65,3063.453125,2.6699877070370404,0.835753034808,0.42928001258386,5.12282,0x0,5.05375,0.06375,0.3221765625
8426.998729427,1784214232.6911888,0.0,0.0,0.0,0.0,0.0,2400000,66.65,3064.390625,2.58805624932808,0.81253767273,0.4347980069746,5.14024,0x0,5.055,0.06375,0.32225624999999997
8427.098729161,1784214232.7911885,0.0,0.0,0.0,0.0,0.0,2400000,66.1,3064.390625,2.59857180098535,0.827757835245,0.4213969740838,5.13488,0x0,5.05625,0.06375,0.3223359375
8427.198728895,1784214232.8911881,0.0,0.0,0.0,0.0,0.0,2400000,65.0,3064.390625,2.6092005926778805,0.8354938897799999,0.4185618603866,5.13354,0x0,5.055,0.06375,0.32225624999999997
8427.298729517,1784214232.991189,0.0,0.0,0.0,0.0,0.0,2400000,66.1,3064.390625,2.6240443038136902,0.83523493764,0.43731305540515997,5.12416,0x0,5.05625,0.06375,0.3223359375
8427.398729588,1784214233.091189,0.0,0.0,0.0,0.0,0.0,2400000,66.1,3064.390625,2.6143167539408303,0.828014580782,0.4235748237239,5.14292,0x0,5.05625,0.06375,0.3223359375
8427.498728271,1784214233.1911876,0.0,0.0,0.0,0.0,0.0,2400000,66.65,3064.390625,2.58161441090874,0.82053029146032,0.42474470773140993,5.13488,0x0,5.055,0.06375,0.32225624999999997
8427.600068754,1784214233.2925286,40.0,40.0,40.0,40.0,38.095238095238095,2400000,65.55,3061.96875,9.373086002505069,7.0828801509599995,0.79577198426662,5.0049,0x0,5.045,0.065,0.327925
8427.698905857,1784214233.3913684,90.0,90.9090909090909,90.9090909090909,100.0,92.6829268292683,2400000,66.65,3030.484375,5.87620163899163,3.7202145676800003,0.7318608958016,5.18178,0x0,5.03875,0.06375,0.32122031250000005
8427.798782448,1784214233.4912422,100.0,90.0,90.9090909090909,100.0,100.0,2400000,68.85,3032.421875,8.90544392987302,6.949999430946001,0.55677867417706,5.14694,0x0,5.0525,0.06375,0.322096875
8427.898756223,1784214233.5912158,90.0,100.0,100.0,100.0,97.43589743589743,2400000,69.4,3029.234375,5.1455032839107,3.0266733759839997,0.61933167905816,5.05448,0x0,5.04625,0.06375,0.3216984375
8427.998808906,1784214233.691269,100.0,100.0,100.0,100.0,95.1219512195122,2400000,69.95,3033.3125,6.145878009293369,3.73918862983,0.8645521058839599,5.04242,0x0,5.05,0.06375,0.3219375
8428.100117371,1784214233.792582,91.66666666666667,91.66666666666667,90.9090909090909,100.0,95.45454545454545,2400000,69.95,3042.515625,5.565677760855755,3.285172529232,0.7001759956213001,5.14158,0x0,5.05625,0.0625,0.316015625
8428.200061295,1784214233.892521,90.9090909090909,88.88888888888889,100.0,90.9090909090909,92.3076923076923,2400000,69.95,3060.328125,5.653338230734324,3.424947001177,0.7665150101857201,5.13354,0x0,5.0575,0.06375,0.32241562500000004
8428.300113403,1784214233.9925766,100.0,90.0,88.88888888888889,100.0,95.1219512195122,2400000,70.5,3087.046875,5.35602981463642,2.9756106152850004,0.8680874757875,5.1255,0x0,5.05,0.06375,0.3219375
8428.398847473,1784214234.0913088,88.88888888888889,90.0,90.0,100.0,97.05882352941177,2400000,69.95,3062.0,5.91597568278988,3.50899078621,0.87920933138448,5.13756,0x0,5.04875,0.06375,0.3218578125
8428.499877223,1784214234.1923368,90.0,100.0,100.0,100.0,92.85714285714286,2400000,69.4,3085.203125,5.50228213053297,3.215205236256,0.77048543479154,5.12416,0x0,5.055,0.06375,0.32225624999999997
8428.598856717,1784214234.2913184,100.0,90.9090909090909,90.9090909090909,100.0,97.43589743589743,2400000,69.95,3058.78125,6.0290549540118805,3.645941585904,0.8700129912647601,5.14426,0x0,5.05,0.06375,0.3219375
8428.700035058,1784214234.392495,70.0,70.0,66.66666666666667,100.0,73.80952380952381,2400000,70.5,3073.75,4.657757020500135,2.20614299784,0.8243494278109199,5.12818,0x0,5.05375,0.06375,0.3221765625
8428.798738463,1784214234.491198,0.0,10.0,30.0,10.0,10.81081081081081,2400000,69.4,3086.765625,2.544306043066095,0.84322985768505,0.260758346328,5.1255,0x0,5.05875,0.06375,0.3224953125
8428.898730113,1784214234.5911899,0.0,0.0,0.0,0.0,0.0,2400000,68.3,3087.421875,2.4806861439372105,0.85096591222005,0.26152471875567,5.12416,0x0,5.05625,0.06375,0.3223359375
8428.998730152,1784214234.6911895,0.0,0.0,0.0,0.0,0.0,2400000,68.3,3087.421875,2.482627578799735,0.85870196675505,0.26486067818913,5.12282,0x0,5.055,0.06375,0.32225624999999997
8429.098729061,1784214234.7911885,0.0,0.0,0.0,0.0,0.0,2400000,67.75,3087.421875,2.470358034712175,0.83523493764,0.28644853672723003,5.1188,0x0,5.055,0.06375,0.32225624999999997
8429.198729044,1784214234.8911886,0.0,0.0,0.0,0.0,0.0,2400000,67.2,3087.421875,2.48057825637411,0.8592345545803199,0.27249185449075,5.12148,0x0,5.05625,0.06375,0.3223359375
8429.29872888,1784214234.9911885,0.0,0.0,0.0,0.0,0.0,2400000,67.2,3087.40625,2.45197530041223,0.84322985768505,0.26187491657525996,5.1188,0x0,5.05625,0.06375,0.3223359375
8429.398729182,1784214235.0911887,0.0,0.0,0.0,0.0,0.0,2400000,67.75,3087.40625,2.62591302588433,0.835753034808,0.43612028846555,5.12416,0x0,5.05625,0.06375,0.3223359375
8429.498729077,1784214235.1911888,0.0,0.0,0.0,0.0,0.0,2400000,66.1,3087.40625,2.4769299839028704,0.836012083392,0.26362728090135,5.11478,0x0,5.05625,0.06375,0.3223359375
8429.598728694,1784214235.291188,0.0,0.0,0.0,0.0,0.0,2400000,66.1,3087.40625,2.3212163322397,0.834975792612,0.26603040353284,5.12014,0x0,5.055,0.06375,0.32225624999999997
8429.698729145,1784214235.3911884,0.0,0.0,0.0,0.0,0.0,2400000,66.65,3087.40625,2.37709415263968,0.84322985768505,0.2736387449767,5.1188,0x0,5.055,0.06375,0.32225624999999997
8429.798729355,1784214235.491189,0.0,0.0,0.0,0.0,0.0,2400000,66.65,3087.40625,2.332124258979475,0.84322985768505,0.25848069060204,5.12148,0x0,5.055,0.06375,0.32225624999999997
8429.898728046,1784214235.5911875,0.0,0.0,0.0,0.0,0.0,2400000,66.65,3087.40625,2.3360842316083503,0.836271131976,0.26409870235759997,5.12148,0x0,5.05625,0.0625,0.316015625
8429.998729904,1784214235.6911893,0.0,0.0,0.0,0.0,0.0,2400000,65.55,3087.40625,2.33747461498521,0.82002169408005,0.26462365990064995,5.12148,0x0,5.05625,0.06375,0.3223359375
8430.098728688,1784214235.7911885,0.0,0.0,0.0,0.0,0.0,2400000,66.65,3087.40625,2.34716709318524,0.836271131976,0.26384475160299997,5.12416,0x0,5.05625,0.0625,0.316015625
8430.198729269,1784214235.8911886,0.0,0.0,0.0,0.0,0.0,2400000,65.0,3087.40625,2.3719758710880603,0.85096591222005,0.2672659485089,5.12148,0x0,5.055,0.06375,0.32225624999999997
8430.298729478,1784214235.991189,0.0,0.0,0.0,0.0,0.0,2400000,66.1,3087.40625,2.3581408475332952,0.84322985768505,0.27033674537692,5.12416,0x0,5.05625,0.06375,0.3223359375
8430.398729396,1784214236.0911887,0.0,0.0,0.0,0.0,0.0,2400000,66.1,3087.40625,2.3397796833966096,0.8197675373769,0.27659471689116,5.12416,0x0,5.05625,0.06375,0.3223359375
8430.498728036,1784214236.1911874,0.0,0.0,0.0,0.0,0.0,2400000,66.65,3087.40625,2.625756471942795,0.8207845428214601,0.43769356363518996,5.12282,0x0,5.05625,0.06375,0.3223359375
8430.598729195,1784214236.2911885,0.0,0.0,0.0,0.0,0.0,2400000,66.1,3087.40625,2.46409916991395,0.827757835245,0.38934796905286,5.12282,0x0,5.05625,0.06375,0.3223359375
8430.698729724,1784214236.391189,0.0,0.0,0.0,0.0,0.0,2400000,66.1,3087.40625,2.69532088467372,0.81304137831,0.43803831284490996,5.12416,0x0,5.05625,0.06375,0.3223359375
8430.800039795,1784214236.4924994,60.0,60.0,63.63636363636363,50.0,59.523809523809526,2400000,67.2,3086.40625,9.01162859148033,6.93879682453,0.5748484396037999,5.12416,0x0,5.05375,0.06375,0.3221765625
8430.89935872,1784214236.5918183,90.9090909090909,88.88888888888889,88.88888888888889,100.0,92.10526315789474,2400000,68.85,3030.1875,4.687113566192689,2.419883547107,0.82732286064566,5.06252,0x0,5.05875,0.06375,0.3224953125
8430.998770774,1784214236.6912305,100.0,100.0,100.0,100.0,100.0,2400000,68.3,3031.640625,5.440957205394501,3.042155081232,0.8644080742618401,5.05984,0x0,5.05,0.0625,0.315625
8431.100049234,1784214236.7925088,100.0,91.66666666666667,100.0,100.0,97.61904761904762,2400000,69.95,3032.609375,8.696196152979205,6.7303665791505,0.5752945337222,5.06386,0x0,5.03875,0.0625,0.314921875
8431.198767777,1784214236.8912277,90.9090909090909,100.0,90.0,90.0,94.73684210526316,2400000,71.05,3032.484375,5.504882612411994,3.184850746386,0.6848190170690001,5.0585,0x0,5.05,0.06375,0.3219375
8431.30005633,1784214236.992516,100.0,100.0,90.0,100.0,95.1219512195122,2400000,70.5,3046.390625,5.78912371246576,3.5818146736679997,0.6270161334534199,5.05984,0x0,5.0425,0.06375,0.32145937500000005
8431.400083418,1784214237.092545,90.9090909090909,90.9090909090909,100.0,100.0,100.0,2400000,68.3,3052.84375,6.02159334050904,3.5652157986299997,0.8021401570309199,5.14024,0x0,5.0512500000000005,0.06375,0.3220171875
8431.498839001,1784214237.1913004,100.0,100.0,100.0,100.0,95.0,2400000,69.4,3066.703125,5.447730582290601,3.2646150137700003,0.6436552303666,5.12684,0x0,5.04875,0.0625,0.315546875
8431.600078411,1784214237.292541,100.0,90.9090909090909,90.9090909090909,100.0,97.61904761904762,2400000,69.95,3057.5,5.677984330352105,3.41019668704,0.84916841837178,5.06386,0x0,5.0512500000000005,0.06375,0.3220171875
8431.70004913,1784214237.3925087,90.0,100.0,100.0,100.0,94.87179487179488,2400000,70.5,3062.03125,5.831671876214035,3.425697581072,0.9471074541724,5.09736,0x0,5.0525,0.06375,0.322096875
8431.800096292,1784214237.492556,100.0,90.9090909090909,90.9090909090909,100.0,97.43589743589743,2400000,71.05,3048.6875,6.0349430922628295,3.649330804878,0.86392356323778,5.06922,0x0,5.0475,0.06375,0.321778125
8431.898774821,1784214237.5912352,45.45454545454545,44.44444444444444,37.5,100.0,55.26315789473684,2400000,70.5,3054.765625,4.2848015238967205,1.966785810388,0.6622118959948,5.1389,0x0,5.05375,0.06375,0.3221765625
