sentence_id,text,char_count,word_count,phoneme_count,complexity_tag,t_synth_start,t_front_end_end,t_acoustic_end,t_vocoder_end,t_audio_write_end,front_end_ms,acoustic_ms,vocoder_ms,write_ms,total_synth_ms,audio_duration_s,n_samples,sample_rate,rtf,energy_j,energy_wh,energy_per_speech_s,mean_cpu,peak_cpu,peak_temp,throttled_any,amp_energy_j,amp_energy_wh,amp_mean_w,amp_peak_w,cpu_energy_wh,cpu_mean_w,mem_energy_wh,mem_mean_w
REF_0000,".La bise et le soleil se disputaient, chacun assurant qu'il était le plus fort.",79,14,,anchor,9433.890919429,9433.891668176,9434.362199132,9435.039800708,9435.110645918,0.004685000021709129,470.22334199937177,676.8997920007678,70.82300599904556,1219.7264889982762,3.889,85760,22050,0.3136349933140335,10.398184035362839,0.002888384454267455,2.673742359311607,96.75359364640494,100.0,65.55,False,0.31677093202224915,8.799192556173587e-05,0.3161505681818182,0.31671875,0.0012251113185422669,4.41719335161709,0.0001947651131145172,0.7117432900156074
A1_0001,.Le chat dort.,14,3,,short_plain,9439.247006863,9439.24756059,9439.469260838,9439.664684728,9439.705533047,0.004129999069846235,221.54456099997333,194.94214500082307,40.828911998687545,458.5261840002204,1.173,25856,22050,0.39090041261740865,2.8354760993052888,0.0007876322498070247,2.4172856771571087,89.77401583226359,97.5609756097561,65.55,False,0.0961045599143543,2.669571108732064e-05,0.32075312500000003,0.32265468750000004,0.0002840826015805711,3.45212867432575,6.854982406483395e-05,0.79256319924467
A2_0002,.Le petit garçon mange une pomme rouge dans le jardin.,54,10,,medium_plain,9441.153972568,9441.154502313,9441.467017909,9441.913386524,9441.968044816,0.003017999915755354,312.30411200158414,445.853277000424,54.63880999923276,814.0722480002296,2.612,57600,22050,0.31166625114863306,7.70394196289335,0.002139983878581486,2.949441792838189,92.52559086670163,100.0,67.2,False,0.22576485997634319,6.271246110453977e-05,0.322575,0.323371875,0.0009601548389149943,4.865512995427436,0.0001376867094285327,0.6961987166631151
A3_0003,".Ce matin, je suis allé à la boulangerie du coin pour acheter du pain frais et deux croissants.",95,18,,long_plain,9444.911931138,9444.912725423,9445.403388869,9446.224122934,9446.300723621,0.0041290004446636885,490.38186899997527,820.0077439996676,76.58055699903343,1388.7924829996336,4.644,102400,22050,0.29905092226520963,12.81207857908375,0.0035589107164121525,2.758845516598568,90.2546775235161,100.0,68.3,False,0.41999895303477636,0.00011666637584299343,0.32291841517857145,0.3287375,0.0013937619864631094,3.8069437176342853,0.0002691256813963616,0.7343440830561014
B1_0004,.Les anciens amis ont attendu leurs enfants aux alentours.,58,9,,liaisons,9451.173404506,9451.174072974,9451.52935748,9452.014208783,9452.070664868,0.0038329999370034784,355.0469290003093,483.92979500022193,56.43547399995441,897.260362000452,2.833,62464,22050,0.31671738863411647,7.937350122613888,0.002204819478503858,2.801747307664627,90.48527718928553,100.0,67.2,False,0.2576224469643421,7.156179082342836e-05,0.32268125000000003,0.3234515625,0.000876862252684484,3.910988874582889,0.00015781317183357908,0.7057572296203423
B2_0005,".La Révolution française a éclaté le quatorze juillet mille sept cent quatre-vingt-neuf, près de Paris.",103,15,,number_words,9455.180749121,9455.181448979,9455.671139213,9456.556079579,9456.634313057,0.003351999112055637,489.4375090007088,883.9315050008736,78.21360799971444,1453.563936000137,4.888,107776,22050,0.29737396399348137,14.090941713706433,0.003914150476029565,2.882762216388387,89.9011140525903,100.0,68.85,False,0.4512147840146774,0.00012533744000407706,0.3229377083333333,0.32849375000000003,0.0015985252286161548,4.0432560789427,0.0002744716346357878,0.70042141062606
B3_0006,".Attends… es-tu vraiment sûr ? Non, c'est impossible !",54,9,,prosody_punct,9461.788398304,9461.789056995,9462.200402749,9462.863659626,9462.930896416,0.0034629993024282157,411.1305669994181,662.6860569995188,67.21703100083687,1142.4981120017037,3.727,82176,22050,0.3065463139258663,11.41061595352981,0.0031696155426471696,3.0616087881754255,88.41561216561216,100.0,68.3,False,0.353912291467854,9.830896985218167e-05,0.3220807291666667,0.32289375000000003,0.0013140136336559863,4.233743687312151,0.00023142660378745134,0.7525887216742534
B4_0007,.Monsieur Lenglet prendra le TGV de la SNCF jusqu'à Grenoble.,61,10,,proper_acronym,9466.972392163,9466.973016613,9467.320754293,9467.819158436,9467.877513927,0.0040739996620686725,347.511140998904,497.4243929991644,58.33567599984235,905.1217640007962,2.902,64000,22050,0.3118958525157809,9.030645697844305,0.0025085126938456403,3.1118696408836337,91.26329425109913,100.0,67.75,False,0.2580805008815287,7.168902802264685e-05,0.3227166666666667,0.3232921875,0.0011413296559380592,4.993470838946,0.0001661438041460585,0.7430437538761867
C1_0008,".Le colis pèse trois virgule cinq kilos, coûte vingt-neuf virgule quatre-vingt-dix-neuf euros et arrivera vers quinze heures quarante-cinq.",139,18,,stacked_numbers,9471.085647332,9471.086629488,9471.774475247,9473.034553569,9473.132815204,0.005889000021852553,687.3492170016107,1259.0725169993675,98.24167199985823,2047.1678720005002,7.105,156672,22050,0.2881305942294863,21.917014376135853,0.006088059548926626,3.084731087422358,91.18225629868463,100.0,71.05,False,0.6456271169344848,0.00017934086581513468,0.32309680059523815,0.32914375,0.0027152519594346516,4.868753257752806,0.000419086393839669,0.7460938284315095
C2_0009,".Les poules du couvent couvent, tandis que les fils du tisserand tissent.",73,12,,homographs_g2p,9480.527784679,9480.528597019,9480.948066363,9481.623047953,9481.68996024,0.004333000106271356,419.18939700008195,673.0597770001623,66.89349000043876,1162.175561001277,3.843,84736,22050,0.30241362503285896,10.311391290021167,0.002864275358339213,2.6831619281866166,96.68250259855478,100.0,68.85,False,0.32280482516474013,8.96680069902056e-05,0.32253877840909095,0.3228140625,0.0012078203289705193,4.175236888147436,0.00018151437081125103,0.6619536752112836
REF_0010,".La bise et le soleil se disputaient, chacun assurant qu'il était le plus fort.",79,14,,anchor,9485.809003145,9485.809722855,9486.236573689,9486.919480904,9486.988578562,0.00399999953515362,426.5803500002221,681.3836830006039,69.07775100080471,1179.5754170016153,3.889,85760,22050,0.3033107269225033,10.07600474666771,0.0027988902074076974,2.5908986234681692,89.55068783370571,100.0,68.85,False,0.35418715241267645,9.838532011463235e-05,0.321961328125,0.3232125,0.0010138466696143953,3.257581686236667,0.00020624718723854008,0.6824761365654016
A1_0011,.Le chat dort.,14,3,,short_plain,9491.123547402,9491.124358964,9491.333465233,9491.529953872,9491.572118666,0.004313998942961916,208.9323410000361,196.00483899921528,42.14523799964809,448.57126399983827,1.173,25856,22050,0.3824136947995211,2.9806389445091117,0.0008279552623636421,2.541039168379464,95.78630175836642,100.0,67.75,False,0.0961875303926519,2.6718758442403307e-05,0.322714453125,0.3232921875,0.00033664021217849204,4.387468994758325,5.4682411847986103e-05,0.613012174423225
A2_0012,.Le petit garçon mange une pomme rouge dans le jardin.,54,10,,medium_plain,9493.008843437,9493.009338682,9493.332344536,9493.775259547,9493.831414962,0.0038520011003129184,322.8139450002345,442.37995099865657,56.13430400080688,822.5715249991481,2.612,57600,22050,0.314920185681144,7.963306406265534,0.002212029557295982,3.0487390529347373,83.38817584941616,100.0,68.85,False,0.2578781597594948,7.163282215541522e-05,0.32240677083333336,0.32289375000000003,0.0008921213103818488,3.7719736073702776,0.00015430925729083302,0.6749433134661755
A3_0013,".Ce matin, je suis allé à la boulangerie du coin pour acheter du pain frais et deux croissants.",95,18,,long_plain,9496.765911444,9496.767172251,9497.256774688,9498.081198248,9498.158693776,0.0038520011003129184,489.2073409992008,823.430737000308,77.4757689996477,1392.7823320009338,4.644,102400,22050,0.29991006287703137,13.900271330238136,0.0038611864806217043,2.9931678144354295,91.58631972587592,100.0,70.5,False,0.41921257551989977,0.0001164479376444166,0.32247823660714287,0.3229734375,0.0016794672076582556,4.519766454164464,0.00026536276337721707,0.7356312894230186
B1_0014,.Les anciens amis ont attendu leurs enfants aux alentours.,58,9,,liaisons,9503.0397774,9503.040483777,9503.380229795,9503.858562967,9503.914399084,0.003778000973397866,339.5104419996642,477.7882589987712,55.81544999949983,874.6216840008856,2.833,62464,22050,0.30872632686229634,6.592997825068114,0.0018313882847411428,2.327214198753305,94.55109944439212,100.0,68.3,False,0.22634690100480673,6.287413916800186e-05,0.3225052734375,0.3229734375,0.0006693860815605415,3.6161674806217494,0.00014115457854552756,0.7324330671604601
B2_0015,".La Révolution française a éclaté le quatorze juillet mille sept cent quatre-vingt-neuf, près de Paris.",103,15,,number_words,9507.03694089,9507.037496932,9507.53827554,9508.412094365,9508.491057146,0.0030369992600753903,500.55679100114503,873.0025029999524,78.94187400052033,1454.1162559999066,4.888,107776,22050,0.29748695908345063,12.850831831008776,0.003569675508613549,2.629057248569717,94.95523545977426,100.0,70.5,False,0.41923414361722505,0.00011645392878256251,0.3225066964285715,0.323371875,0.0014106006791473802,3.7660455786140714,0.0002691398618482614,0.7425553533577572
B3_0016,".Attends… es-tu vraiment sûr ? Non, c'est impossible !",54,9,,prosody_punct,9513.643688805,9513.64446059,9514.04882558,9514.729864278,9514.798451043,0.0036669989640358835,404.13220999835175,680.5016010002873,68.56770900049014,1154.7622380003304,3.727,82176,22050,0.3098369299705743,10.22401777038658,0.0028400049362184944,2.7432298820463052,95.02722355418119,100.0,69.95,False,0.32315022287098016,8.976395079749449e-05,0.3225605113636364,0.32353125,0.0011688420762291309,3.981238154642909,0.00020734132306553672,0.7308908946378164
B4_0017,.Monsieur Lenglet prendra le TGV de la SNCF jusqu'à Grenoble.,61,10,,proper_acronym,9518.84924476,9518.849962155,9519.194370751,9519.696968116,9519.756440598,0.004333000106271356,344.1480750007031,501.66796800112934,59.45259299915051,907.1958379990974,2.902,64000,22050,0.3126105575462086,7.615269893580338,0.0021153527482167607,2.62414538028268,92.49968063287167,100.0,69.95,False,0.25728192388074944,7.146720107798595e-05,0.3218467013888889,0.323371875,0.000784679366826519,3.3700543775995566,0.00016643941210791973,0.7455245943004889
C1_0018,".Le colis pèse trois virgule cinq kilos, coûte vingt-neuf virgule quatre-vingt-dix-neuf euros et arrivera vers quinze heures quarante-cinq.",139,18,,stacked_numbers,9522.975016742,9522.975637395,9523.676612842,9524.943519743,9525.043239483,0.003037001079064794,700.672721999581,1266.0792269998637,99.69990700119524,2068.222740999772,7.105,156672,22050,0.2910939818437399,20.739316704168683,0.005760921306713523,2.9189749055832066,91.62502105504466,100.0,72.15,False,0.644730613322166,0.00017909183703393499,0.32253444940476195,0.32865625000000004,0.0023878847098222065,4.220191074342642,0.0004287780234983548,0.7721676985059484
C2_0019,".Les poules du couvent couvent, tandis que les fils du tisserand tissent.",73,12,,homographs_g2p,9532.438161494,9532.43973749,9532.862722104,9533.536537296,9533.604465962,0.00401900069846306,422.59681500036095,673.0232770005387,67.90761100091913,1166.304468000817,3.843,84736,22050,0.3034880218581361,10.026355414770899,0.0027850987263252497,2.6089917811009364,95.68825105694079,100.0,69.95,False,0.32247772796280655,8.957714665633515e-05,0.3219705965909091,0.3228140625,0.0011140576417031044,4.013886541266636,0.00020394283080275085,0.7288081078597828
REF_0020,".La bise et le soleil se disputaient, chacun assurant qu'il était le plus fort.",79,14,,anchor,9537.738450071,9537.739133077,9538.168687842,9538.860586413,9538.929805609,0.004130000888835639,429.3005590006942,690.765598001235,69.19689899950754,1191.3555379996978,3.889,85760,22050,0.3063398143480838,11.76649597474576,0.0032684711040960445,3.0255839482503886,91.59672065561027,100.0,69.95,False,0.354802751198275,9.85563197772986e-05,0.32258828125000005,0.3234515625,0.0014013595150851816,4.398032576743975,0.00024072365707878814,0.7706888881973831
A1_0021,.Le chat dort.,14,3,,short_plain,9543.072938946,9543.073504266,9543.296243912,9543.490955277,9543.531833097,0.004203999196761288,222.57125500073016,194.1986559995712,40.85609700086934,458.8941510010045,1.173,25856,22050,0.3912141099752809,3.67809749283675,0.0010216937480102082,3.135632986220588,83.34547908232119,97.5,68.3,False,0.12963909387380468,3.6010859409390186e-05,0.32385343750000006,0.32825,0.00035897084404207306,3.0738086626734,8.380859558519379e-05,0.7053112030398679
A2_0022,.Le petit garçon mange une pomme rouge dans le jardin.,54,10,,medium_plain,9544.969349374,9544.970039491,9545.278442274,9545.719820771,9545.773551703,0.006054999175830744,308.03094600014447,440.7906960004766,53.70665400005237,804.2023289999634,2.612,57600,22050,0.3078875685298481,7.1183471957039846,0.001977318665473329,2.7252477778346034,91.62014508761979,100.0,69.95,False,0.22602597057957724,6.278499182766034e-05,0.323125390625,0.32841250000000005,0.0007945561221362028,4.091334006041,0.00014911343862198236,0.7437127274206301
A3_0023,".Ce matin, je suis allé à la boulangerie du coin pour acheter du pain frais et deux croissants.",95,18,,long_plain,9548.704625265,9548.706612931,9549.190453669,9550.023865234,9550.100494217,0.004371000613900833,482.9536380002537,832.7095029999327,76.59779800087563,1395.8689520004555,4.644,102400,22050,0.30057470973308686,13.407285040205863,0.003724245844501629,2.887012282559402,91.40678641887173,100.0,71.05,False,0.420110331760969,0.00011669731437804695,0.32336305803571425,0.32841250000000005,0.0015705712145072945,4.219968638629914,0.0002473746998151843,0.679662213376093
B1_0024,.Les anciens amis ont attendu leurs enfants aux alentours.,58,9,,liaisons,9554.977806253,9554.979616269,9555.324509369,9555.803147988,9555.859244292,0.02479700015101116,344.13600100015174,478.1151509996562,56.07685900031356,881.4380389994767,2.833,62464,22050,0.31113238228008355,8.123309924936262,0.0022564749791489616,2.8673879014953267,89.65450811728091,100.0,69.95,False,0.25799998832025517,7.166666342229311e-05,0.3227520833333334,0.323690625,0.0009250060303945528,4.1216054524674455,0.00015616000473200645,0.6922709168887579
B2_0025,".La Révolution française a éclaté le quatorze juillet mille sept cent quatre-vingt-neuf, près de Paris.",103,15,,number_words,9558.975044614,9558.975584637,9559.467262481,9560.34282082,9560.421428043,0.0024630007828818634,491.460063998602,874.0825670010963,78.58681499965314,1446.3834289999795,4.888,107776,22050,0.2959049568330564,14.544767928084376,0.004040213313356771,2.97560718659664,89.70223139671151,100.0,72.15,False,0.45164192552027277,0.00012545609042229799,0.3229331250000001,0.32906250000000004,0.0017187616065737535,4.28959749695474,0.0002655124188387724,0.6801943335029179
B3_0026,".Attends… es-tu vraiment sûr ? Non, c'est impossible !",54,9,,prosody_punct,9565.579384897,9565.580211849,9565.986045573,9566.654454829,9566.721840305,0.004592999175656587,405.4504059986357,667.4413399996411,67.36314299996593,1142.4554079985683,3.727,82176,22050,0.3065348559159024,11.870503243936275,0.0032973620122045207,3.185002211949631,89.08376123234916,100.0,70.5,False,0.35543402727054596,9.873167424181832e-05,0.3231350260416667,0.3287375,0.0014438289694362317,4.631971120108417,0.00022610831043193584,0.73041104031427
B4_0027,.Monsieur Lenglet prendra le TGV de la SNCF jusqu'à Grenoble.,61,10,,proper_acronym,9570.774828226,9570.775443954,9571.120598538,9571.623075643,9571.681542393,0.003758999810088426,344.9385080002685,501.7997839986492,58.43439800082706,906.7141670002457,2.902,64000,22050,0.31244457856659047,7.974638442664341,0.0022151773451845394,2.7479801663212755,91.35817411170427,100.0,70.5,False,0.25799539723145015,7.166538811984727e-05,0.3225484375,0.3232125,0.0008960324080428164,4.018274009502743,0.00014922400239116397,0.6714133181858645
C1_0028,".Le colis pèse trois virgule cinq kilos, coûte vingt-neuf virgule quatre-vingt-dix-neuf euros et arrivera vers quinze heures quarante-cinq.",139,18,,stacked_numbers,9574.902743727,9574.903338695,9575.593617086,9576.867029654,9576.965385586,0.0029439997888403013,690.0209630002792,1272.5735799995164,98.33561699997517,2062.6418589999957,7.105,156672,22050,0.29030849528500996,20.894282765621057,0.005803967434894738,2.940785751670803,91.67143895685683,100.0,72.15,False,0.645302570872073,0.0001792507141311314,0.32275476190476193,0.3289,0.002454223281296602,4.408141236717248,0.0004034318509243481,0.7220693744850686
C2_0029,".Les poules du couvent couvent, tandis que les fils du tisserand tissent.",73,12,,homographs_g2p,9584.355130293,9584.355841818,9584.780866247,9585.465439921,9585.532182744,0.0035930006561102346,424.70733399932215,683.8336679993517,66.72347099993203,1177.0524510011455,3.843,84736,22050,0.3062847907887446,11.878088804134732,0.003299469112259648,3.090837575887258,90.86851375679481,100.0,71.05,False,0.354560695211055,9.848908200307084e-05,0.32236250000000005,0.3228140625,0.0014625105109482945,4.606041614536333,0.00020731524121119782,0.6728030570031215
REF_0030,".La bise et le soleil se disputaient, chacun assurant qu'il était le plus fort.",79,14,,anchor,9589.665969129,9589.666707487,9590.089220727,9590.783010093,9590.85282385,0.00399999953515362,422.16040400126076,692.8576720001729,69.79320100072073,1186.8547209996905,3.889,85760,22050,0.30518249447150697,10.456637430139095,0.002904621508371971,2.6887728028128297,91.45975466655305,100.0,70.5,False,0.3540711960790679,9.83531100219633e-05,0.32206106770833337,0.3229734375,0.001073294035844971,3.5135151403480003,0.00023955712705415292,0.7873149259752467
A1_0031,.Le chat dort.,14,3,,short_plain,9594.977931678,9594.978518331,9595.207798257,9595.402252749,9595.44343096,0.0040739996620686725,229.0939980011899,193.93230300011055,41.15754399936122,465.49928199965507,1.173,25856,22050,0.3968450826936531,3.7005974649328737,0.0010279437402591317,3.1548145481098664,82.86340852130327,95.23809523809524,69.4,False,0.12889224611853042,3.5803401699591785e-05,0.322415625,0.323053125,0.00039022332548480993,3.4838623614838,5.966713346002898e-05,0.5746417694095101
A2_0032,.Le petit garçon mange une pomme rouge dans le jardin.,54,10,,medium_plain,9596.864306722,9596.864801523,9597.172153518,9597.612172133,9597.666950074,0.003260000084992498,307.1673640006338,438.8311969996721,54.75764400034677,802.643352000814,2.612,57600,22050,0.3072907166925015,7.319871615590179,0.002033297670997272,2.8024010779441726,91.51086851744748,100.0,70.5,False,0.22572136875159876,6.270038020877743e-05,0.32263476562500004,0.32361093750000003,0.0008868034742986634,4.558963829821837,0.00012140797785611316,0.6198609573509151
A3_0033,".Ce matin, je suis allé à la boulangerie du coin pour acheter du pain frais et deux croissants.",95,18,,long_plain,9600.611893128,9600.612709487,9601.103801733,9601.931316672,9602.007811839,0.004426001396495849,490.77081799987354,825.8972220010037,76.4754259998881,1395.9187109994673,4.644,102400,22050,0.30058542441848995,13.339121868897967,0.0037053116302494353,2.8723345970925855,90.85752563625317,100.0,72.7,False,0.4202357792913375,0.00011673216091426041,0.3229073660714286,0.32914375,0.0015198479521241353,4.161563013203257,0.0002661016024467721,0.7258553490246228
B1_0034,.Les anciens amis ont attendu leurs enfants aux alentours.,58,9,,liaisons,9606.893991971,9606.894679718,9607.234502978,9607.718286419,9607.777035357,0.004055998942931183,339.5651840000937,483.24054799923033,58.727233999888995,883.0433860002813,2.833,62464,22050,0.31169904200504106,8.52679364429629,0.0023685537900823028,3.0098106757134806,88.53845796828253,100.0,70.5,False,0.2577360913423191,7.159335870619976e-05,0.322521875,0.32361093750000003,0.0010293013880947005,4.4242941923785555,0.00015583666732834077,0.6930352893091
B2_0035,".La Révolution française a éclaté le quatorze juillet mille sept cent quatre-vingt-neuf, près de Paris.",103,15,,number_words,9610.89207545,9610.892788049,9611.398524275,9612.269806984,9612.348791562,0.0033329997677356005,504.96718199974566,870.5585550014803,78.96439200158056,1456.7161120012315,4.888,107776,22050,0.2980188445174369,13.814245880089958,0.0038372905222472105,2.82615504911824,89.19989702210498,100.0,72.15,False,0.4512820343649729,0.0001253561206569369,0.3225165625,0.3234515625,0.0014983552786557127,3.7891162919365864,0.00028841973792687845,0.7457920790705812
B3_0036,".Attends… es-tu vraiment sûr ? Non, c'est impossible !",54,9,,prosody_punct,9617.519687048,9617.520604667,9617.915432555,9618.579498161,9618.646338836,0.004444998921826482,394.2358830008743,663.5348979998525,66.81850800123357,1126.6517880012543,3.727,82176,22050,0.3022945500405834,10.220458304882449,0.00283901619580068,2.742274833614824,94.41239995476195,100.0,71.05,False,0.32151818497417234,8.931060693727009e-05,0.3220068181818182,0.3232125,0.0011640967990424105,4.081273610706301,0.00020667287989671636,0.7366885879305962
B4_0037,.Monsieur Lenglet prendra le TGV de la SNCF jusqu'à Grenoble.,61,10,,proper_acronym,9622.704766157,9622.705470533,9623.049816537,9623.567513033,9623.627668261,0.003907000063918531,344.07866800029296,516.7037659994094,60.023838001143304,922.9021040009684,2.902,64000,22050,0.31802277877359353,9.60062839430896,0.0026668412206413777,3.308279942904534,85.05649089891709,100.0,71.05,False,0.2899983374307487,8.055509373076352e-05,0.32251125,0.3229734375,0.0011418015103214208,4.397391249835499,0.00018920205091296923,0.7589956678738321
C1_0038,".Le colis pèse trois virgule cinq kilos, coûte vingt-neuf virgule quatre-vingt-dix-neuf euros et arrivera vers quinze heures quarante-cinq.",139,18,,stacked_numbers,9626.85105341,9626.851667212,9627.537976216,9628.802967656,9628.90204876,0.0031849995139054954,686.035519998768,1263.7670589992922,99.0609559994482,2050.9953499986295,7.105,156672,22050,0.28866929627003934,19.378371574105085,0.005382880992806968,2.7274273855179567,95.14321591699044,100.0,73.25,False,0.6129550958602085,0.00017026530440561347,0.3226546875000001,0.32361093750000003,0.002162079723078983,4.020507160826501,0.00042542871155085073,0.795794041181731
C2_0039,".Les poules du couvent couvent, tandis que les fils du tisserand tissent.",73,12,,homographs_g2p,9636.295678131,9636.296351785,9636.719304714,9637.395129757,9637.462226527,0.003426001057960093,422.71044500012067,675.149202999819,67.0766220009682,1166.5483960005076,3.843,84736,22050,0.3035514951861847,10.788371712366247,0.0029967699201017355,2.8072786136784407,89.78413713089579,100.0,71.05,False,0.35441613543843936,9.84489265106776e-05,0.322568359375,0.32377031250000005,0.0011748762852218997,3.7705520805870836,0.00021934555490524463,0.7058293490684234
REF_0040,".La bise et le soleil se disputaient, chacun assurant qu'il était le plus fort.",79,14,,anchor,9641.606658597,9641.607356289,9642.044926438,9642.72508674,9642.794877942,0.003260000084992498,437.3143140001048,679.3332759989426,69.76988700080256,1188.2193450001068,3.889,85760,22050,0.3055333877603772,12.054135614829278,0.0033483710041192437,3.0995463139185597,89.328224243142,100.0,71.05,False,0.35545677256976943,9.87379923804915e-05,0.3229359375,0.32881875,0.0014964765901964458,4.810188679909916,0.00021282277845694874,0.6846631022999383
A1_0041,.Le chat dort.,14,3,,short_plain,9646.934300783,9646.934855936,9647.152970579,9647.34881401,9647.390549966,0.003518000085023232,217.96114099925035,195.36150100066152,41.71647499970277,456.2491830001818,1.173,25856,22050,0.3889592352942726,2.9046411649794246,0.0008068447680498401,2.476249927518691,93.68055555555556,100.0,68.85,False,0.09616273994438851,2.6711872206774587e-05,0.32095234375000004,0.32265468750000004,0.0002995608095376027,3.62579229489925,6.594102463280206e-05,0.798574991556765
A2_0042,.Le petit garçon mange une pomme rouge dans le jardin.,54,10,,medium_plain,9648.836180055,9648.836713912,9649.149896495,9649.586909121,9649.640719498,0.0034259992389706895,312.9791560004378,436.4698059998773,53.78913599997759,804.5394430009765,2.612,57600,22050,0.30801663208306906,7.565532854633458,0.0021015369040648497,2.8964520882976488,92.0967011110065,100.0,71.05,False,0.22536685135709178,6.260190315474772e-05,0.3228240234375,0.3234515625,0.0008909859662882011,4.378511969748913,0.0001336849308854787,0.6817281279625274
A3_0043,".Ce matin, je suis allé à la boulangerie du coin pour acheter du pain frais et deux croissants.",95,18,,long_plain,9652.560358738,9652.561132301,9653.044763648,9653.861773014,9653.938507313,0.005592999514192343,483.3267710000655,816.0300239997014,76.71518700044544,1378.1485750005231,4.644,102400,22050,0.2967589524118267,12.114297365966264,0.0033650826016572957,2.6085911640754227,91.64632047150845,100.0,72.7,False,0.41922701474407587,0.00011645194854002108,0.322575,0.3232125,0.0011967119163588337,3.268959119685143,0.00028156139222255136,0.7682248276684043
B1_0044,.Les anciens amis ont attendu leurs enfants aux alentours.,58,9,,liaisons,9658.82394205,9658.824656834,9659.169684195,9659.655503191,9659.711667755,0.003888999344781041,344.76033999999345,485.200471999633,56.1440080000466,887.7257050007756,2.833,62464,22050,0.3133518196261121,7.800720464555021,0.002166866795709728,2.753519401537247,96.87530671083303,100.0,71.05,False,0.2252556622333366,6.257101728703794e-05,0.32238574218750005,0.32313281250000003,0.0009698705471317778,4.762931399238975,0.00015423139303046612,0.8004019016342001
B2_0045,".La Révolution française a éclaté le quatorze juillet mille sept cent quatre-vingt-neuf, près de Paris.",103,15,,number_words,9662.821468635,9662.822148864,9663.309800302,9664.178029207,9664.257876459,0.005592999514192343,487.3653060003562,867.3715829991124,79.82604800054105,1436.407823999616,4.888,107776,22050,0.2938641211128511,12.452903439412895,0.0034591398442813596,2.5476480031532107,94.61350603267898,100.0,72.15,False,0.41937088232873276,0.00011649191175798132,0.32303203124999996,0.328575,0.0013175149209888799,3.7262284081206425,0.0002577494414698812,0.7080998320575842
B3_0046,".Attends… es-tu vraiment sûr ? Non, c'est impossible !",54,9,,prosody_punct,9669.427845677,9669.428641184,9669.841493155,9670.493178005,9670.562232163,0.0048149995564017445,412.53022700038855,651.165270999627,69.03384299948812,1134.38648599913,3.727,82176,22050,0.30436986477035954,10.279158953721677,0.0028553219315893548,2.758024940628301,94.6991336044087,100.0,71.05,False,0.32250153815627414,8.958376059896504e-05,0.32248806818181824,0.323053125,0.001174005470041752,4.068726825915636,0.0002012523064455986,0.7228935222393664
B4_0047,.Monsieur Lenglet prendra le TGV de la SNCF jusqu'à Grenoble.,61,10,,proper_acronym,9674.609798352,9674.610420172,9674.963021229,9675.473353402,9675.533617853,0.0037960016925353557,352.3750549993565,509.55563000024995,60.24293299924466,923.8195010002528,2.902,64000,22050,0.31833890454867425,9.432721538136073,0.0026202004272600204,3.250420929750542,85.53918332416407,100.0,71.05,False,0.29017063291923,8.060295358867501e-05,0.32244750000000005,0.3228140625,0.001109081473375838,4.372287189126899,0.00018240487192556132,0.7160199594363601
C1_0048,".Le colis pèse trois virgule cinq kilos, coûte vingt-neuf virgule quatre-vingt-dix-neuf euros et arrivera vers quinze heures quarante-cinq.",139,18,,stacked_numbers,9678.736202135,9678.737407535,9679.43136705,9680.696902439,9680.79788656,0.003351999112055637,693.424787999902,1264.7134750004625,100.96250999959011,2061.6844249998394,7.105,156672,22050,0.2901737403236931,20.261958260525557,0.005628321739034877,2.8517886362456797,95.141806340757,100.0,73.8,False,0.6128291519595392,0.0001702303199887609,0.322262734375,0.323371875,0.002415314323335186,4.435441778934565,0.000406525691371138,0.7692759518449319
C2_0049,".Les poules du couvent couvent, tandis que les fils du tisserand tissent.",73,12,,homographs_g2p,9688.200481657,9688.201176608,9688.617708148,9689.291077372,9689.360968019,0.003851999281323515,416.2757230005809,672.1498249989963,69.86566500017943,1160.486361999574,3.843,84736,22050,0.3019740728596341,12.445336674088466,0.0034570379650245738,3.2384430585710295,89.24625140924361,100.0,71.05,False,0.3549966304738208,9.861017513161688e-05,0.322701171875,0.3239296875,0.001602023446702262,5.005126774364235,0.0002150880637868774,0.7067343669010016
REF_0050,".La bise et le soleil se disputaient, chacun assurant qu'il était le plus fort.",79,14,,anchor,9693.493057426,9693.493796488,9693.919856315,9694.598174694,9694.668179749,0.004351999450591393,425.7816389999789,677.5512980002532,69.98485099938989,1175.1223230003234,3.889,85760,22050,0.3021656783235596,11.035197666003103,0.003065332685000862,2.8375411843669593,89.91610037261513,100.0,71.6,False,0.3555616190919595,9.876711641443319e-05,0.3229614583333334,0.32816875,0.001231825196502943,3.974480825916,0.00022145501022967297,0.7232430987840915
A1_0051,.Le chat dort.,14,3,,short_plain,9698.793521412,9698.794156177,9699.022825838,9699.215200793,9699.257841998,0.004260000423528254,227.7507639992109,191.87378400056332,42.62059400025464,464.32058599930315,1.173,25856,22050,0.3958402267683744,3.6131812511774406,0.0010036614586604001,3.080290921719898,82.53479853479853,100.0,69.4,False,0.12784346863019974,3.5512074619499925e-05,0.3212946875,0.32353125,0.0003513010026932581,2.9850276169427996,7.396906543259247e-05,0.6549449382026801
A2_0052,.Le petit garçon mange une pomme rouge dans le jardin.,54,10,,medium_plain,9700.689545651,9700.690115471,9701.00021199,9701.442300846,9701.496620264,0.00553700010641478,309.87801700030104,441.5674619995116,54.299048000757466,807.0746130015323,2.612,57600,22050,0.30898721784132166,7.381308041542975,0.0020503633448730484,2.8259219148326857,88.53141771019678,100.0,71.6,False,0.22587074297075538,6.274187304743205e-05,0.322234375,0.32800625,0.0008707548367484389,4.590810937020749,0.00014533673316322003,0.739952687543375
A3_0053,".Ce matin, je suis allé à la boulangerie du coin pour acheter du pain frais et deux croissants.",95,18,,long_plain,9704.449000568,9704.449862613,9704.939942127,9705.757777297,9705.834794284,0.003982000635005534,489.4763800002693,816.4576389990543,76.99650499853306,1385.7937159991707,4.644,102400,22050,0.29840519293694456,13.63008272929958,0.0037861340914721055,2.934987667807834,91.93872635510265,100.0,72.15,False,0.41938655566077365,0.00011649626546132602,0.32260345982142863,0.32313281250000003,0.0016260934131477937,4.366728042139857,0.0002534089983658406,0.6918055136424394
B1_0054,.Les anciens amis ont attendu leurs enfants aux alentours.,58,9,,liaisons,9710.719837739,9710.720579745,9711.063080214,9711.543590127,9711.600021823,0.004333000106271356,342.2373550001794,479.9854269986099,56.410159000733984,880.1840840005752,2.833,62464,22050,0.3106897578540682,7.0009117676635,0.0019446977132398613,2.471200765147723,96.5480174577258,100.0,71.05,False,0.22489649004059933,6.247124723349982e-05,0.3220271484375,0.32241562500000004,0.0007718901269280803,3.9041175803119996,0.0001448133797708589,0.737638679926365
B2_0055,".La Révolution française a éclaté le quatorze juillet mille sept cent quatre-vingt-neuf, près de Paris.",103,15,,number_words,9714.716574577,9714.717119563,9715.207241004,9716.079765077,9716.158168131,0.002389000655966811,489.9030500000663,871.7909370006964,78.3823689998826,1441.5935540000646,4.888,107776,22050,0.29492503150574156,14.060158719101878,0.003905599644194966,2.876464549734427,88.88461695201106,100.0,72.15,False,0.4511298377950189,0.0001253138438319497,0.32247937500000007,0.323371875,0.001566357222346495,3.96813887953398,0.0003009696950914019,0.774575328521096
B3_0056,".Attends… es-tu vraiment sûr ? Non, c'est impossible !",54,9,,prosody_punct,9721.325164601,9721.325841885,9721.729463312,9722.388113871,9722.470286958,0.003760000254260376,403.4004069999355,658.0814799999644,82.1520129993587,1145.1223570002185,3.727,82176,22050,0.3072504311779497,9.774408234459997,0.0027151133984611104,2.6225941063751,94.51377890402281,100.0,71.05,False,0.3219401890261951,8.942783028505419e-05,0.3225532670454546,0.323371875,0.001025993520149841,3.7842667062658175,0.00022153062130946305,0.783749024787009
B4_0057,.Monsieur Lenglet prendra le TGV de la SNCF jusqu'à Grenoble.,61,10,,proper_acronym,9726.516370041,9726.516977917,9726.87164664,9727.367933894,9727.427312004,0.003758999810088426,354.45074000017485,495.55384000086633,59.358127999075805,910.9419630003686,2.902,64000,22050,0.31390143452803876,9.047074818106234,0.002513076338362843,3.117530950415656,83.74549573233784,100.0,71.05,False,0.28998953181668513,8.055264772685698e-05,0.32224828125000005,0.323053125,0.001029938446514972,3.9375144987676998,0.00017122096875476838,0.698982183115748
C1_0058,".Le colis pèse trois virgule cinq kilos, coûte vingt-neuf virgule quatre-vingt-dix-neuf euros et arrivera vers quinze heures quarante-cinq.",139,18,,stacked_numbers,9730.643314515,9730.643905798,9731.345970458,9732.625687452,9732.726780945,0.0027960013539996,701.6430269995908,1278.8315420002618,101.07182600040687,2083.466430000044,7.105,156672,22050,0.2932394693877613,21.02949015118912,0.005841525041996977,2.959815644080101,92.17066283303558,100.0,73.8,False,0.6458110735452225,0.00017939196487367292,0.3229226190476191,0.32987500000000003,0.002477154791871638,4.338449241901566,0.00040897565731323136,0.7292496145678209
C2_0059,".Les poules du couvent couvent, tandis que les fils du tisserand tissent.",73,12,,homographs_g2p,9740.106380304,9740.107041032,9740.53596581,9741.208617565,9741.277061106,0.0036480014387052506,428.6814980005147,671.8932120002137,68.42304100064212,1170.6808020007884,3.843,84736,22050,0.3046268024982535,10.321487565926864,0.002867079879424129,2.6857891142146406,89.0328075034168,100.0,71.05,False,0.3546046563391561,9.850129342754337e-05,0.32245546875000003,0.32353125,0.001035180832843979,3.28832966710575,0.00023232320931173143,0.7626557247761333
REF_0060,".La bise et le soleil se disputaient, chacun assurant qu'il était le plus fort.",79,14,,anchor,9745.409020735,9745.410464044,9745.841046762,9746.521015636,9746.590571299,0.004371000613900833,430.2902159997757,678.9162540007965,69.53466200138791,1181.550564000645,3.889,85760,22050,0.30381860735424143,10.006270865619781,0.0027795196848943837,2.5729675663717617,89.87227880520562,100.0,72.15,False,0.3555399330520035,9.876109251444542e-05,0.3229826822916667,0.32898125,0.0009908798509697674,3.17950006117225,0.00020940729702328083,0.6736566583001967
A1_0061,.Le chat dort.,14,3,,short_plain,9750.723795512,9750.724452851,9750.941709098,9751.139319062,9751.182139565,0.005018000592826866,217.05435600051715,196.02941300036036,42.80120700059342,458.34405300047365,1.173,25856,22050,0.39074514322291015,2.7699130935072267,0.0007694203037520074,2.361392236579051,96.29349816849816,100.0,69.95,False,0.09699733366263756,2.69437037951771e-05,0.32301328125,0.32361093750000003,0.0002725459107381406,3.051184554288,6.0012029212606544e-05,0.727387747368735
A2_0062,.Le petit garçon mange une pomme rouge dans le jardin.,54,10,,medium_plain,9752.616661576,9752.617168691,9752.930201236,9753.372230943,9753.427162607,0.0038700000004610047,312.8373020008439,440.8892339997692,54.910942000788054,810.5010310009675,2.612,57600,22050,0.31029901646285124,8.082183615605583,0.002245051004334884,3.0942510013803917,82.96119833667973,100.0,72.15,False,0.2577378890628462,7.159385807301283e-05,0.3226015625,0.32313281250000003,0.0008854925083627991,3.834137714987444,0.00017685100225344537,0.771545934674721
A3_0063,".Ce matin, je suis allé à la boulangerie du coin pour acheter du pain frais et deux croissants.",95,18,,long_plain,9756.362345669,9756.363111546,9756.862572809,9757.681887936,9757.760388787,0.003962999471696094,499.1569639987574,818.4848790006072,78.47959199898469,1398.0431179988955,4.644,102400,22050,0.3010428763994176,13.94573129931579,0.0038738142498099416,3.0029567827984045,91.86496286189114,100.0,73.25,False,0.4186399273313821,0.0001162888687031617,0.3225294642857143,0.32361093750000003,0.0016695858861738673,4.466275411609764,0.0002851646515609533,0.7940654551120473
B1_0064,.Les anciens amis ont attendu leurs enfants aux alentours.,58,9,,liaisons,9762.647357056,9762.648053655,9762.988660644,9763.468890332,9763.525552419,0.004038000042783096,340.3511169999547,479.7136840006715,56.6417169993656,878.1953630004864,2.833,62464,22050,0.3099877737382585,8.159353642343437,0.0022664871228731767,2.8801107103224273,90.46058052155612,100.0,71.6,False,0.2579371690652812,7.164921362924478e-05,0.3224244791666667,0.3229734375,0.0009155058406944873,3.933928432962889,0.00017436948805963937,0.7563693668640045
B2_0065,".La Révolution française a éclaté le quatorze juillet mille sept cent quatre-vingt-neuf, près de Paris.",103,15,,number_words,9766.634229141,9766.634798665,9767.122733513,9767.988049411,9768.06685421,0.0034080003388226032,487.53286300052423,864.4788350011368,78.78361299844983,1432.6250689991866,4.888,107776,22050,0.2930902350653001,13.280439627754957,0.0036890110077097103,2.716947550686366,94.44332755875045,100.0,72.15,False,0.4187829084755016,0.00011632858568763933,0.32258069196428574,0.32313281250000003,0.0015017302060350746,4.089677603655164,0.0002771315419915307,0.7589064345144015
B3_0066,".Attends… es-tu vraiment sûr ? Non, c'est impossible !",54,9,,prosody_punct,9773.228188815,9773.229421845,9773.623676357,9774.287936873,9774.356172171,0.0040930008253781125,393.20596600009594,663.6453989995061,68.2147059997078,1127.9833560001862,3.727,82176,22050,0.3026518261336695,9.734567399117891,0.0027040464997549695,2.6119043195915994,94.64470488860731,100.0,71.6,False,0.3225090700602758,8.958585279452105e-05,0.3225315340909091,0.323053125,0.0009594458290621188,3.358327462018909,0.0002228385677421969,0.8025784323437036
B4_0067,.Monsieur Lenglet prendra le TGV de la SNCF jusqu'à Grenoble.,61,10,,proper_acronym,9778.403644841,9778.40439144,9778.759095774,9779.260816205,9779.322734541,0.004352001269580796,354.45351699854655,500.25547400036885,61.897687999589834,919.0896999989491,2.902,64000,22050,0.31670906271500654,9.07263992138662,0.0025201777559407277,3.126340427769338,84.6854759547314,100.0,71.05,False,0.2897254863063863,8.047930175177397e-05,0.32294296875,0.32849375000000003,0.0009901127709612476,3.7641281517877494,0.00020299092918849802,0.783228698164322
C1_0068,".Le colis pèse trois virgule cinq kilos, coûte vingt-neuf virgule quatre-vingt-dix-neuf euros et arrivera vers quinze heures quarante-cinq.",139,18,,stacked_numbers,9782.528618538,9782.529233506,9783.234849734,9784.510709194,9784.609745632,0.0035000011848751456,705.3163180007687,1275.0155820012878,99.01508599978115,2081.1270940012037,7.105,156672,22050,0.2929102173119217,19.646574315092924,0.005457381754192479,2.7651758360440426,95.7504333256677,100.0,73.8,False,0.6118592604591144,0.00016996090568308734,0.32214429687499996,0.3234515625,0.0022103552084323254,4.063483312212145,0.00041101160831109233,0.7688104802771869
C2_0069,".Les poules du couvent couvent, tandis que les fils du tisserand tissent.",73,12,,homographs_g2p,9792.016486025,9792.017148771,9792.448319198,9793.117518868,9793.185751518,0.0034439999581081793,430.9275539999362,668.4547560016654,68.20559500010859,1169.2654929993296,3.843,84736,22050,0.3042585201663621,10.988036604544284,0.00305223239015119,2.8592340891346044,88.8825685142706,100.0,71.6,False,0.35475969190743306,9.854435886317585e-05,0.32246210937500003,0.3228140625,0.0012346289470610862,3.891288077845583,0.0002097376238446809,0.6829049094354332
REF_0070,".La bise et le soleil se disputaient, chacun assurant qu'il était le plus fort.",79,14,,anchor,9797.315274644,9797.316111633,9797.754160546,9798.437698118,9798.507656599,0.004518999048741534,437.7522999984649,682.187245998648,69.93555500048387,1192.3819550011103,3.889,85760,22050,0.3066037426076396,11.862024070063828,0.0032950066861288413,3.050147613798876,89.16489302079803,100.0,72.7,False,0.3538376198069496,9.828822772415266e-05,0.322276171875,0.32289375000000003,0.0013626763889933314,4.5468532959438415,0.0002340139898395367,0.7535276059075134
A1_0071,.Le chat dort.,14,3,,short_plain,9802.650214208,9802.650784232,9802.875063058,9803.0799429,9803.122775607,0.0033340002119075507,224.0322500001639,204.38924500012945,42.8106689996639,472.5613989994599,1.173,25856,22050,0.4028656427957885,4.2491548719775345,0.0011803207977715373,3.6224679215494753,84.68584774398728,97.5,69.95,False,0.12843798642513005,3.567721845142501e-05,0.321403125,0.3228140625,0.0004988907710454786,4.0985995867408,8.665115835739517e-05,0.76169286181142
A2_0072,.Le petit garçon mange une pomme rouge dans le jardin.,54,10,,medium_plain,9804.565596042,9804.566090491,9804.87298502,9805.317356562,9805.372858472,0.0033150008675875142,306.71210099899326,443.7702960003662,55.480094999438734,807.2624299984454,2.612,57600,22050,0.3090591232765871,6.972893524917897,0.001936914868032749,2.6695610738583064,91.67892094721364,97.5609756097561,72.15,False,0.2258469343340094,6.273525953722483e-05,0.32342421875,0.32898125,0.0007423952310630166,3.588496135499625,0.0001323369410866352,0.6644288469029951
A3_0073,".Ce matin, je suis allé à la boulangerie du coin pour acheter du pain frais et deux croissants.",95,18,,long_plain,9808.293984985,9808.29475988,9808.800654181,9809.627392576,9809.704746344,0.004370000169728883,505.5785199983802,826.0274809999828,77.33261899920763,1410.7613589985704,4.644,102400,22050,0.3037815157188997,13.672260124684255,0.0037978500346345155,2.944069794290322,91.2082772097635,100.0,72.7,False,0.4195988377752594,0.00011655523271534984,0.3223871651785715,0.3232125,0.0015200372297378376,4.185552373354507,0.00027685627122956276,0.7549945338341085
B1_0074,.Les anciens amis ont attendu leurs enfants aux alentours.,58,9,,liaisons,9814.58866916,9814.589351962,9814.929137259,9815.417389498,9815.475851175,0.0038890011637704447,339.5394799990754,487.7137900002708,58.44008399981249,887.1820149997802,2.833,62464,22050,0.31315990645950587,8.200508341867042,0.0022779189838519564,2.8946376074363016,89.99828762023884,100.0,72.15,False,0.2579790961265933,7.16608600351648e-05,0.3224953125,0.32353125,0.0008962544369965146,3.969695021990999,0.00015272855611119968,0.6900996861299178
B2_0075,".La Révolution française a éclaté le quatorze juillet mille sept cent quatre-vingt-neuf, près de Paris.",103,15,,number_words,9818.584532286,9818.585083717,9819.076516262,9819.957733762,9820.037076769,0.0035920002119382843,491.20122799831734,879.9046179992729,79.32326599984663,1452.5444829996559,4.888,107776,22050,0.2971654015956743,14.900909479896196,0.004139141522193388,3.0484675695368653,90.07004156862355,100.0,73.25,False,0.451460665912814,0.00012540574053133722,0.32253249999999994,0.3229734375,0.001697489165529053,4.257922278689421,0.00028792554955512696,0.7490454936400706
B3_0076,".Attends… es-tu vraiment sûr ? Non, c'est impossible !",54,9,,prosody_punct,9825.189311018,9825.190034728,9825.589014671,9826.255940635,9826.323487261,0.004278001142665744,398.7045890007721,666.3878669987753,67.52647799839906,1134.1762429983646,3.727,82176,22050,0.3043134539839991,11.651200343514859,0.0032364445398652387,3.1261605429339574,88.37497388182898,100.0,72.15,False,0.3541763864123602,9.838232955898895e-05,0.322515234375,0.3232125,0.0013835372871448038,4.452753698736342,0.0002182646167507602,0.7048241472188416
B4_0077,.Monsieur Lenglet prendra le TGV de la SNCF jusqu'à Grenoble.,61,10,,proper_acronym,9830.373386081,9830.374075643,9830.72623577,9831.233411026,9831.292923582,0.00399999953515362,351.9132180008455,506.440768000175,59.49216699991666,919.5375009985582,2.902,64000,22050,0.3168633704336865,8.178583403928391,0.0022718287233134417,2.8182575478733254,91.32382524328074,100.0,72.15,False,0.2587233681552029,7.186760226533414e-05,0.32333038194444447,0.32865625000000004,0.0009342380325502497,4.144845215398345,0.00015500768977411305,0.6858820436439089
C1_0078,".Le colis pèse trois virgule cinq kilos, coûte vingt-neuf virgule quatre-vingt-dix-neuf euros et arrivera vers quinze heures quarante-cinq.",139,18,,stacked_numbers,9834.509480912,9834.51012877,9835.203591244,9836.487167864,9836.586144746,0.0029439997888403013,693.2064160009759,1282.3029979990679,98.95658499954152,2076.6638339991914,7.105,156672,22050,0.2922820315269798,21.65428217211699,0.006015078381143608,3.047752592838422,91.6903537401002,100.0,74.35,False,0.6442235828695438,0.00017895099524153996,0.3223890625,0.323053125,0.002543935793285304,4.5000723848534765,0.00043152102613839936,0.7731766490568772
C2_0079,".Les poules du couvent couvent, tandis que les fils du tisserand tissent.",73,12,,homographs_g2p,9843.986511305,9843.98738959,9844.407854164,9845.086252618,9845.155054366,0.0038700000004610047,420.12499699922046,676.3727320012549,68.77924800028268,1168.543060999582,3.843,84736,22050,0.3040705336975233,10.82525104394141,0.003007014178872614,2.816875109014158,89.76799115518628,100.0,72.15,False,0.35457577747946056,9.849327152207238e-05,0.32253515625000007,0.32313281250000003,0.0010898797008667641,3.5817493999074173,0.00023551607361236,0.7656440990035717
REF_0080,".La bise et le soleil se disputaient, chacun assurant qu'il était le plus fort.",79,14,,anchor,9849.289111791,9849.289835538,9849.717214876,9850.399760551,9850.468784412,0.00399999953515362,427.109410000412,681.8036869990465,69.00261999908253,1179.672620999554,3.889,85760,22050,0.30333572152212757,11.086431885863567,0.0030795644127398795,2.850715321641442,90.6215628760558,100.0,72.7,False,0.3546427323634331,9.851187010095363e-05,0.32243554687500003,0.3234515625,0.001234049303024384,4.010650031092342,0.0002282791986668322,0.7305803135812318
A1_0081,.Le chat dort.,14,3,,short_plain,9854.598355057,9854.599834218,9854.818922758,9855.013225638,9855.055114374,0.004703999366029166,218.86227899994992,193.60657700053707,41.86727299929771,456.75931699952343,1.173,25856,22050,0.38939413213940616,3.803558125135426,0.0010565439236487294,3.2425900470037727,81.30227177962796,100.0,70.5,False,0.12855525938046636,3.570979427235177e-05,0.32241562500000004,0.3234515625,0.00036443538650452183,3.0706988982264,8.599882186423387e-05,0.788932775038828
A2_0082,.Le petit garçon mange une pomme rouge dans le jardin.,54,10,,medium_plain,9856.474940145,9856.475571151,9856.782763256,9857.227272799,9857.282298835,0.0034450004022801295,306.16307799937204,443.9665940008126,55.00507299984747,807.3586899990914,2.612,57600,22050,0.30909597626305185,6.941358069245344,0.0019281550192348177,2.6574877753619233,90.64559885959936,100.0,71.6,False,0.22635373900455275,6.287603861237576e-05,0.3232857421875,0.32881875,0.0007174122388356087,3.7837157955591243,0.00013993312362239272,0.7024024888776125
A3_0083,".Ce matin, je suis allé à la boulangerie du coin pour acheter du pain frais et deux croissants.",95,18,,long_plain,9860.219604729,9860.221125465,9860.711436278,9861.554370296,9861.631384968,0.0038709986256435513,489.9668469988683,842.2020119996887,76.98917199923017,1411.7802389991994,4.644,102400,22050,0.30400091279052527,12.359152937235873,0.0034330980381210756,2.661316308620989,92.67616239741675,100.0,73.25,False,0.41984282491423736,0.00011662300692062149,0.3229074776785715,0.32906250000000004,0.001221376970138244,3.4489275481311426,0.0002739240229816133,0.7473268053336543
B1_0084,.Les anciens amis ont attendu leurs enfants aux alentours.,58,9,,liaisons,9866.512589686,9866.513213747,9866.87300344,9867.354706438,9867.413574136,0.0033149990485981107,359.56852399976924,481.15945599965926,58.844846000283724,900.9844499996689,2.833,62464,22050,0.3180319272854461,8.439546450434236,0.0023443184584539542,2.9790139253209444,86.38141894239455,100.0,72.15,False,0.2579628305028667,7.165634180635186e-05,0.3223182291666667,0.3232125,0.0010209759788311044,4.434089328794112,0.00015085690777552502,0.6755969230147356
B2_0085,".La Révolution française a éclaté le quatorze juillet mille sept cent quatre-vingt-neuf, près de Paris.",103,15,,number_words,9870.524680917,9870.525235903,9871.020165072,9871.901945373,9871.982042183,0.0034439999581081793,494.7078329987562,881.0261090002314,80.07595800154377,1457.3612660005892,4.888,107776,22050,0.2981508318331811,13.561007398067282,0.003766946499463134,2.774346849031768,95.23803142270042,100.0,73.25,False,0.42007559306813946,0.00011668766474114985,0.3226888392857143,0.323371875,0.0015074798114699166,4.0524699643630715,0.00027140115167452824,0.7530119792551214
B3_0086,".Attends… es-tu vraiment sûr ? Non, c'est impossible !",54,9,,prosody_punct,9877.140216705,9877.141659014,9877.556442484,9878.245900459,9878.314572558,0.003758999810088426,414.49580100015737,688.8797480005451,68.64807999954792,1174.3558529997244,3.727,82176,22050,0.3150941381807686,10.357567914209765,0.0028771021983916016,2.7790630303755743,94.8140915838023,100.0,72.15,False,0.3226969487851241,8.963804132920114e-05,0.32251704545454546,0.3228140625,0.0012176222295597963,4.381302399504336,0.0001934675845374662,0.6965466754670419
B4_0087,.Monsieur Lenglet prendra le TGV de la SNCF jusqu'à Grenoble.,61,10,,proper_acronym,9882.35358508,9882.354673423,9882.711678296,9883.233286085,9883.293852039,0.0040739996620686725,355.5484530006652,520.9151910003129,60.544935000507394,940.2669589999277,2.902,64000,22050,0.3240065330806091,8.192944456725975,0.002275817904646104,2.8232062221660836,93.20635368982981,100.0,72.15,False,0.2594221060965214,7.20616961379226e-05,0.32407986111111114,0.3293875,0.0009313292134134287,4.17326066066639,0.00016074313078055956,0.7077894599871377
C1_0088,".Le colis pèse trois virgule cinq kilos, coûte vingt-neuf virgule quatre-vingt-dix-neuf euros et arrivera vers quinze heures quarante-cinq.",139,18,,stacked_numbers,9886.52251116,9886.523120536,9887.216422101,9888.496826508,9888.59803378,0.0027219994080951437,693.0333400014206,1279.1920449999452,101.18695699929958,2075.5226199999015,7.105,156672,22050,0.2921214102744407,20.5504531246594,0.005708459201294277,2.8923931209935816,95.62705814542174,100.0,74.35,False,0.6127568793221706,0.0001702102442561585,0.322826796875,0.32816875,0.002417023204292459,4.581764597757745,0.000416037131633356,0.785291645165178
C2_0089,".Les poules du couvent couvent, tandis que les fils du tisserand tissent.",73,12,,homographs_g2p,9896.013020503,9896.013721491,9896.429773786,9897.104564301,9897.173230566,0.003943998308386654,415.79462600020634,673.8369690010586,68.64539500020328,1160.2100630007044,3.843,84736,22050,0.30190217616463816,12.012402530895619,0.0033367784808043385,3.1257878040321674,89.04262854997249,100.0,72.15,False,0.3547406690605198,9.853907473903328e-05,0.322594921875,0.323690625,0.001406040674416487,4.417334518277875,0.0002274345180958191,0.7315098460866417
REF_0090,".La bise et le soleil se disputaient, chacun assurant qu'il était le plus fort.",79,14,,anchor,9901.289639244,9901.290420455,9901.718505725,9902.40237356,9902.47383109,0.004333998731453903,427.20009600088815,682.828844001051,71.4359739995416,1184.1918459995213,3.889,85760,22050,0.3044977747491698,11.361188770233081,0.003155885769509189,2.921365073343554,89.97647678561266,100.0,72.7,False,0.35457646375319124,9.849346215366424e-05,0.3223890625,0.3232921875,0.0012652459077403123,4.0084113214232415,0.00021376619130410206,0.6979227658505965
A1_0091,.Le chat dort.,14,3,,short_plain,9906.599707481,9906.600314356,9906.825856842,9907.020108573,9907.064522979,0.00457399983133655,225.38115099996503,193.61937400026363,44.39461000038136,464.81549800046196,1.173,25856,22050,0.3962621466329599,3.6271134898255593,0.0010075315249515441,3.092168363022642,81.87371101299215,97.5,71.6,False,0.12837605013736872,3.566001392704687e-05,0.32232,0.32361093750000003,0.0003514063287882487,3.0142350193796,7.5713988743274e-05,0.6635094849145199
A2_0092,.Le petit garçon mange une pomme rouge dans le jardin.,54,10,,medium_plain,9908.506647741,9908.507202913,9908.814770577,9909.257465882,9909.312572603,0.0033890009945025668,307.2696800008998,442.1829679995426,55.0859799986938,805.9248619993014,2.612,57600,22050,0.3085470375188749,7.247448932452729,0.002013180259014647,2.774674170158012,87.08084366053737,100.0,72.15,False,0.22538365951809586,6.260657208835996e-05,0.32302246093750003,0.32703125,0.0007897093872709148,4.24638435365475,0.00014774267432014163,0.7757113927765426
A3_0093,".Ce matin, je suis allé à la boulangerie du coin pour acheter du pain frais et deux croissants.",95,18,,long_plain,9912.242591045,9912.243351385,9912.74082828,9913.569335098,9913.647972173,0.003739998646778986,497.1841510014201,827.6114769996639,78.61635299923364,1405.381127999135,4.644,102400,22050,0.30262298191195847,14.437180530806181,0.004010327925223939,3.1087813373828985,92.32920483919506,100.0,73.8,False,0.41855922669897416,0.00011626645186082616,0.3224782366071429,0.3232125,0.0018171836490485473,4.960960767421807,0.0002595445137969635,0.7095531433674429
B1_0094,.Les anciens amis ont attendu leurs enfants aux alentours.,58,9,,liaisons,9918.536736494,9918.537402148,9918.877551003,9919.366327988,9919.424430643,0.003667000783025287,339.9146679985279,488.16131300009147,58.08235799850081,887.6941489997989,2.833,62464,22050,0.3133406809035647,8.110598128961238,0.002252943924711455,2.862900857381305,91.45680901778464,100.0,72.15,False,0.2567331654995377,7.131476819431602e-05,0.3217305555555556,0.3229734375,0.0008947905797482118,3.8556338980271665,0.00014314325336961867,0.644506878096049
B2_0095,".La Révolution française a éclaté le quatorze juillet mille sept cent quatre-vingt-neuf, près de Paris.",103,15,,number_words,9922.524086065,9922.524666718,9923.016377803,9923.886585244,9923.965456987,0.003110999386990443,491.176710000218,869.4746759992995,78.85016900036135,1441.370922000715,4.888,107776,22050,0.29487948486103005,13.073065231344982,0.0036314070087069394,2.6745223468381716,94.86013537705264,100.0,73.25,False,0.4193371731870143,0.00011648254810750398,0.32255223214285716,0.32914375,0.001437302639553636,3.8693588518470996,0.0002860150677805614,0.7865662130645962
B3_0096,".Attends… es-tu vraiment sûr ? Non, c'est impossible !",54,9,,prosody_punct,9929.121828827,9929.12260326,9929.536395202,9930.201752394,9930.270140324,0.004074001481058076,413.43903099914314,664.5918149988574,68.36629999997967,1148.3114970014867,3.727,82176,22050,0.30810611671625615,10.841654032447403,0.0030115705645687232,2.9089492976784017,95.59841527749103,100.0,72.7,False,0.3224876559532847,8.957990443146798e-05,0.32298352272727276,0.32898125,0.001334082211138768,4.6120472275796365,0.0001893603374879391,0.6832108660787853
B4_0097,.Monsieur Lenglet prendra le TGV de la SNCF jusqu'à Grenoble.,61,10,,proper_acronym,9934.314371798,9934.315017285,9934.681607371,9935.190738182,9935.251739418,0.0039810001908335835,366.3405099996453,508.34676699923875,60.98055099937483,937.3676199993497,2.902,64000,22050,0.32300745003423487,8.36628888429624,0.0023239691345267335,2.8829389677106274,85.29039264405117,100.0,72.15,False,0.2895036581719567,8.041768282554353e-05,0.32187078125000007,0.32361093750000003,0.0008303225177461089,3.2447736425156,0.00018081234465374608,0.70987517424227
C1_0098,".Le colis pèse trois virgule cinq kilos, coûte vingt-neuf virgule quatre-vingt-dix-neuf euros et arrivera vers quinze heures quarante-cinq.",139,18,,stacked_numbers,9938.474295485,9938.474950713,9939.168598355,9940.442201185,9940.543182695,0.003758999810088426,693.2247860004281,1272.7356930008682,100.96152900041488,2068.887209999957,7.105,156672,22050,0.2911875031667779,21.99210098001102,0.00610891693889195,3.095299223083887,91.867322745685,100.0,74.9,False,0.6451441644080274,0.00017920671233556315,0.32299040178571436,0.3289,0.0027221559803260534,4.823434501978391,0.0004155714747439667,0.740995418035822
C2_0099,".Les poules du couvent couvent, tandis que les fils du tisserand tissent.",73,12,,homographs_g2p,9947.935636833,9947.936367747,9948.368454682,9949.040405616,9949.108572285,0.003888999344781041,431.79258100099105,671.1942050005746,68.14565000058792,1172.935451999365,3.843,84736,22050,0.3052134925837536,10.250943331317206,0.002847484258699224,2.6674325608423644,95.30090761798078,100.0,72.7,False,0.3219819731412429,8.943943698367858e-05,0.3217480113636364,0.323053125,0.001175707877930716,4.134556209083573,0.00020171056010983174,0.7132205438953146
REF_0100,".La bise et le soleil se disputaient, chacun assurant qu'il était le plus fort.",79,14,,anchor,9953.237432423,9953.238166337,9953.663442953,9954.346754968,9954.41752616,0.004833000275539234,424.9955770010274,682.5220080008876,70.75059899943881,1180.0937369989697,3.889,85760,22050,0.30344400539958083,10.154453494899887,0.0028206815263610795,2.6110705823861884,95.19522304823975,100.0,73.25,False,0.3224379713340199,8.956610314833886e-05,0.3218774147727273,0.323053125,0.0010850306592393158,3.931718632462182,0.00020505452842290705,0.7326316218681653
A1_0101,.Le chat dort.,14,3,,short_plain,9958.550243795,9958.550891467,9958.771464372,9958.968539239,9959.010688921,0.003908000508090481,220.33368099982908,196.5958809996664,42.12805200040748,460.44512600019516,1.173,25856,22050,0.39253633930110415,2.8153481300010905,0.0007820411472225251,2.4001262830358825,90.4326923076923,97.5,71.05,False,0.09725074141116116,2.7014094836433658e-05,0.32257500000000006,0.32313281250000003,0.000291004495660456,3.45662289998325,5.4057306501010845e-05,0.68817227350252
A2_0102,.Le petit garçon mange une pomme rouge dans le jardin.,54,10,,medium_plain,9960.436571672,9960.437563254,9960.743250717,9961.185919281,9961.241281393,0.004092000381206162,305.3317739995691,442.05324399990786,55.33959300009883,804.7097210001084,2.612,57600,22050,0.30808182274123597,6.518352353670318,0.0018106534315750883,2.4955407173316684,92.7640252021913,100.0,72.15,False,0.22542573750383343,6.26182604177315e-05,0.3225052734375,0.3228140625,0.0006512313313750174,3.26544544728775,0.00015001839448662135,0.7739879514179749
A3_0103,".Ce matin, je suis allé à la boulangerie du coin pour acheter du pain frais et deux croissants.",95,18,,long_plain,9964.182052059,9964.18289877,9964.683775361,9965.498561689,9965.575853863,0.004258999979356304,500.4953099996783,813.9775060008105,77.2709520006174,1393.8018039989402,4.644,102400,22050,0.3001295874244057,13.515942679194916,0.0037544285219985878,2.9104097069756496,91.1492827087134,100.0,73.25,False,0.4182888530963708,0.00011619134808232522,0.32199497767857144,0.3234515625,0.0015789023651853883,4.318524427125179,0.00026918159794868195,0.73630029663007
B1_0104,.Les anciens amis ont attendu leurs enfants aux alentours.,58,9,,liaisons,9970.456046035,9970.456773005,9970.797927036,9971.279851998,9971.336873069,0.003778000973397866,340.9173069994722,481.32329100008064,56.99940399972547,880.8270339995943,2.833,62464,22050,0.3109167080831607,8.022579288304918,0.002228494246751366,2.831831729016914,90.23043488159767,100.0,72.15,False,0.25802877588260464,7.167465996739018e-05,0.3225572916666667,0.3228140625,0.0008938211136871044,3.7583315340697774,0.00016302264793071367,0.7249418701379622
B2_0105,".La Révolution française a éclaté le quatorze juillet mille sept cent quatre-vingt-neuf, près de Paris.",103,15,,number_words,9974.431907506,9974.432519604,9974.921667833,9975.788216816,9975.867180746,0.0035560005926527083,488.8973929992062,865.7106049995491,78.9428179996321,1435.2732400002424,4.888,107776,22050,0.2936320049100332,12.561281704301647,0.0034892449178615687,2.5698203159373256,94.7674567012546,100.0,73.8,False,0.4181012505746356,0.00011613923627073211,0.32214029017857143,0.32361093750000003,0.001323865147519677,3.6039663239339284,0.0002746524187979829,0.7566967322266457
B3_0106,".Attends… es-tu vraiment sûr ? Non, c'est impossible !",54,9,,prosody_punct,9981.016231578,9981.016980918,9981.424724048,9982.09874887,9982.166807983,0.00431500120612327,407.50559099979,673.5015209997073,68.04018599905248,1150.5764049998106,3.727,82176,22050,0.3087138194257608,10.262264256899119,0.002850628960249755,2.753491885403574,88.26910364615235,100.0,72.15,False,0.35408761544084516,9.835767095579032e-05,0.3224604166666667,0.32800625,0.000939262055616554,2.9992910557815002,0.00024620857643175464,0.8121173292009516
B4_0107,.Monsieur Lenglet prendra le TGV de la SNCF jusqu'à Grenoble.,61,10,,proper_acronym,9986.2121908,9986.212967992,9986.562203538,9987.061455411,9987.121285229,0.004536999767879024,348.85861600014323,498.2177159999992,59.80818799980625,909.0944289982872,2.902,64000,22050,0.31326479290085707,9.426590586453637,0.00261849738512601,3.2483082654905706,84.46667324972844,100.0,72.15,False,0.2892900604610169,8.035835012806026e-05,0.32168687500000004,0.3228140625,0.0011054317630059985,4.201471155523,0.00018445441016515506,0.71866663885118
C1_0108,".Le colis pèse trois virgule cinq kilos, coûte vingt-neuf virgule quatre-vingt-dix-neuf euros et arrivera vers quinze heures quarante-cinq.",139,18,,stacked_numbers,9990.335816263,9990.336472843,9991.026602473,9992.297380019,9992.39735928,0.0032590014598099515,689.8423860002367,1269.8437969993392,99.95813099885709,2061.5430170000764,7.105,156672,22050,0.29015383771992626,20.59921567418099,0.005722004353939164,2.899256252523714,95.46430287423887,100.0,74.35,False,0.612592998762021,0.00017016472187833916,0.3224634375,0.32361093750000003,0.0025154081498977173,4.621662827732375,0.0003932088122978937,0.7422030253173378
C2_0109,".Les poules du couvent couvent, tandis que les fils du tisserand tissent.",73,12,,homographs_g2p,9999.790835834,9999.791714916,10000.211071036,10000.890477998,10000.959158727,0.0037410009099403396,418.72961499939265,678.4821020009986,68.65928400111443,1168.3228930014593,3.843,84736,22050,0.304013243039672,11.532320042983727,0.0032034222341621463,3.0008639195898326,89.23336418186703,100.0,72.15,False,0.35429581513710584,9.841550420475163e-05,0.32186054687500004,0.32289375000000003,0.0013259987473294259,4.169146772618751,0.0002542758531215563,0.8072604160991967
REF_0110,".La bise et le soleil se disputaient, chacun assurant qu'il était le plus fort.",79,14,,anchor,10005.102422843,10005.103257998,10005.53522084,10006.211388144,10006.281024455,0.004925999746774323,431.5195599992876,675.5000760003895,69.61621799928253,1178.6016120004206,3.889,85760,22050,0.3030603270764774,11.378237005939198,0.0031606213905386663,2.9257487801335045,89.99208955001639,100.0,72.7,False,0.35462136837164626,9.850593565879063e-05,0.322501953125,0.32353125,0.0013194889939468332,4.15253448070225,0.00022841025919025635,0.7342014299531735
A1_0111,.Le chat dort.,14,3,,short_plain,10010.413085677,10010.41370959,10010.63423792,10010.829973035,10010.870963948,0.004036999598611146,220.3786249992845,195.24640700001328,40.971431000798475,457.8782709995721,1.173,25856,22050,0.3903480571181348,3.8709915824409444,0.001075275439566929,3.3000780753972245,79.56043956043956,97.61904761904762,71.05,False,0.12927582874286925,3.5909952428574794e-05,0.3225590625,0.3234515625,0.0004109422821095098,3.408497199987,7.450491675621362e-05,0.6574376654821201
A2_0112,.Le petit garçon mange une pomme rouge dans le jardin.,54,10,,medium_plain,10012.312211499,10012.31272604,10012.621360602,10013.067168009,10013.122727623,0.0031290001061279327,308.46485599977314,445.2250129997992,55.54063199997472,810.5161240000598,2.612,57600,22050,0.31030479479328477,7.569901438568811,0.0021027503996024475,2.898124593632776,83.25260331357893,100.0,72.15,False,0.2578772996683538,7.163258324120939e-05,0.32238020833333336,0.32289375000000003,0.0007615381693295372,3.4152924722748885,0.0001766989773629647,0.7974805547961845
A3_0113,".Ce matin, je suis allé à la boulangerie du coin pour acheter du pain frais et deux croissants.",95,18,,long_plain,10016.04912083,10016.049835207,10016.548231664,10017.368849506,10017.445274858,0.0035930006561102346,498.1227509997552,819.8290010004712,76.40392500070448,1396.154027999728,4.644,102400,22050,0.3006360956071766,12.532024295128672,0.003481117859757964,2.6985409765565613,91.95673302171112,100.0,73.8,False,0.4179027031436946,0.00011608408420658183,0.3219753348214286,0.322734375,0.0013308793109032548,3.679682774574428,0.00027222566407739574,0.7430481705099627
B1_0114,.Les anciens amis ont attendu leurs enfants aux alentours.,58,9,,liaisons,10022.318402284,10022.319227328,10022.653178518,10023.141002976,10023.197428283,0.004407000233186409,333.66655799909495,487.28486000072735,56.39232499925129,879.0259990000777,2.833,62464,22050,0.3102809738793073,7.052852955897868,0.0019591258210827412,2.489535106211743,96.72587295942559,100.0,72.15,False,0.2251516662197927,6.254212950549797e-05,0.3223458984375,0.32289375000000003,0.0007976799694103928,4.044395235990125,0.0001389919184937361,0.725105929706745
B2_0115,".La Révolution française a éclaté le quatorze juillet mille sept cent quatre-vingt-neuf, près de Paris.",103,15,,number_words,10026.284439317,10026.285191398,10026.782047731,10027.655376477,10027.735666251,0.0035369994293432683,496.4141999989806,872.147624999343,80.27056999890192,1451.2269339993509,4.888,107776,22050,0.2968958539278541,14.531875744907882,0.0040366321513633,2.9729696695801726,89.67462686779342,100.0,73.25,False,0.45178910884645146,0.00012549697467956986,0.3229326041666667,0.32865625000000004,0.0016440463035274592,4.130122090308333,0.00031232731170647573,0.7995620798888948
B3_0116,".Attends… es-tu vraiment sûr ? Non, c'est impossible !",54,9,,prosody_punct,10032.878692142,10032.879673262,10033.290605864,10033.965981254,10034.033708104,0.004018998879473656,410.3374679998524,674.8311259998445,67.70583099932992,1155.0159620001068,3.727,82176,22050,0.3099050072444612,10.664422256259897,0.0029623395156277493,2.861395829423101,88.93213346821132,100.0,72.15,False,0.35454663287976984,9.848517579993607e-05,0.32302174479166673,0.32849375000000003,0.00115379112347237,3.693807292150167,0.00021422775658450657,0.6937662926830033
